InvoiceNo,StockCode,Description,Quantity,InvoiceDate,UnitPrice,CustomerID
5361000,10009,SET 7 BABUSHKA NESTING BOXES,23,2011-03-17 00:00:00,24.95,10023
5361001,10024,ASSORTED COLOUR BIRD ORNAMENT,2,2010-12-21 00:00:00,9.34,10059
5381002,10099,HOME BUILDING BLOCK WORD,13,2011-10-27 00:00:00,17.14,10069
5371003,10107,CLEAR ACRYLIC LETTERS,5,2011-03-10 00:00:00,43.56,10276
5371004,10106,REGENCY CAKESTAND 3 TIER,18,2011-04-29 00:00:00,4.68,10079
5371005,10104,SET 7 BABUSHKA NESTING BOXES,-4,2011-09-20 00:00:00,25.82,10315
5361006,10055,HOME BUILDING BLOCK WORD,-4,2011-09-03 00:00:00,36.12,10189
5401007,10092,REGENCY CAKESTAND 3 TIER,27,2011-10-10 00:00:00,7.43,10120
5361008,10139,PAPER CHAIN KIT 50'S CHRISTMAS,16,2011-07-24 00:00:00,5.25,10188
5401009,10048,REGENCY CAKESTAND 3 TIER,19,2011-01-28 00:00:00,1.27,10141
5391010,10023,ASSORTED COLOUR BIRD ORNAMENT,22,2011-08-28 00:00:00,6.16,10232
5361011,10005,WHITE HANGING HEART T-LIGHT HOLDER,-3,2011-10-03 00:00:00,8.84,10305
5361012,10032,CLEAR ACRYLIC LETTERS,1,2011-10-25 00:00:00,5.97,10124
5361013,10053,CLEAR ACRYLIC LETTERS,12,2011-02-27 00:00:00,4.56,10283
5371014,10084,JUMBO BAG RED RETROSPOT,8,2011-08-22 00:00:00,2.24,10119
5371015,10000,SET 7 BABUSHKA NESTING BOXES,20,2011-11-05 00:00:00,9.2,10305
5401016,10033,WOODEN FRAME ANTIQUE WHITE,22,2011-08-21 00:00:00,15.63,10074
5401017,10028,WHITE HANGING HEART T-LIGHT HOLDER,29,2011-02-19 00:00:00,9.0,10089
5361018,10060,CLEAR ACRYLIC LETTERS,-2,2011-01-23 00:00:00,1.65,10183
5401019,10067,WHITE HANGING HEART T-LIGHT HOLDER,-2,2011-06-09 00:00:00,8.96,10089
5371020,10134,REGENCY CAKESTAND 3 TIER,12,2011-01-13 00:00:00,2.18,10215
5401021,10114,PAPER CHAIN KIT 50'S CHRISTMAS,28,2011-08-27 00:00:00,1.89,10243
5391022,10115,WOODEN FRAME ANTIQUE WHITE,25,2011-08-28 00:00:00,30.54,10055
5371023,10011,WOODEN FRAME ANTIQUE WHITE,2,2011-07-03 00:00:00,10.35,10314
5391024,10007,WHITE HANGING HEART T-LIGHT HOLDER,15,2011-07-25 00:00:00,49.96,
5401025,10109,REGENCY CAKESTAND 3 TIER,12,2011-01-22 00:00:00,18.63,10205
5381026,10018,REGENCY CAKESTAND 3 TIER,18,2011-07-05 00:00:00,1.65,10227
5361027,10016,JUMBO BAG RED RETROSPOT,23,2011-09-27 00:00:00,15.94,10075
5371028,10149,WOODEN FRAME ANTIQUE WHITE,-5,2011-10-23 00:00:00,1.11,
5391029,10152,WOODEN FRAME ANTIQUE WHITE,3,2011-04-08 00:00:00,32.37,10195
5381030,10154,VICTORIAN SEWING BOX LARGE,2,2011-02-01 00:00:00,27.48,10258
5381031,10167,WOODEN FRAME ANTIQUE WHITE,5,2011-02-19 00:00:00,4.39,10058
5371032,10110,HOME BUILDING BLOCK WORD,2,2011-09-15 00:00:00,4.81,10110
5371033,10086,HOME BUILDING BLOCK WORD,-1,2011-07-19 00:00:00,1.75,10211
5381034,10080,VICTORIAN SEWING BOX LARGE,22,2011-06-19 00:00:00,16.41,10048
5361035,10095,JUMBO BAG RED RETROSPOT,2,2011-01-02 00:00:00,6.33,10130
5361036,10017,REGENCY CAKESTAND 3 TIER,17,2011-07-04 00:00:00,14.56,10242
5391037,10110,REGENCY CAKESTAND 3 TIER,29,2011-11-25 00:00:00,6.54,10047
5361038,10033,WOODEN FRAME ANTIQUE WHITE,16,2011-01-04 00:00:00,2.7,10190
5381039,10143,PAPER CHAIN KIT 50'S CHRISTMAS,-5,2011-03-11 00:00:00,4.26,10287
5381040,10090,VICTORIAN SEWING BOX LARGE,8,2011-08-14 00:00:00,4.76,10210
5401041,10073,CLEAR ACRYLIC LETTERS,-1,2011-08-12 00:00:00,1.64,10026
5381042,10147,WOODEN FRAME ANTIQUE WHITE,8,2011-09-09 00:00:00,15.16,10053
5361043,10123,ASSORTED COLOUR BIRD ORNAMENT,3,2010-12-15 00:00:00,23.09,
5391044,10142,PAPER CHAIN KIT 50'S CHRISTMAS,20,2011-05-28 00:00:00,1.39,10179
5401045,10146,ASSORTED COLOUR BIRD ORNAMENT,26,2011-07-29 00:00:00,22.59,10142
5361046,10196,CLEAR ACRYLIC LETTERS,26,2011-07-10 00:00:00,6.05,10287
5391047,10142,WHITE HANGING HEART T-LIGHT HOLDER,17,2011-07-25 00:00:00,20.11,
5361048,10177,SET 7 BABUSHKA NESTING BOXES,9,2010-12-29 00:00:00,2.62,
5401049,10179,SET 7 BABUSHKA NESTING BOXES,7,2011-10-23 00:00:00,48.04,10139
5381050,10001,JUMBO BAG RED RETROSPOT,16,2011-02-04 00:00:00,7.01,10179
5401051,10168,VICTORIAN SEWING BOX LARGE,0,2010-12-28 00:00:00,4.01,10289
5381052,10007,REGENCY CAKESTAND 3 TIER,14,2011-10-27 00:00:00,13.88,
5401053,10096,VICTORIAN SEWING BOX LARGE,22,2011-07-19 00:00:00,0.94,10110
5371054,10094,SET 7 BABUSHKA NESTING BOXES,27,2011-09-09 00:00:00,1.12,10080
5361055,10152,REGENCY CAKESTAND 3 TIER,7,2011-08-16 00:00:00,1.22,10290
5361056,10040,CLEAR ACRYLIC LETTERS,0,2011-04-16 00:00:00,26.24,10079
5371057,10069,HOME BUILDING BLOCK WORD,27,2011-07-22 00:00:00,4.24,10041
5381058,10155,HOME BUILDING BLOCK WORD,18,2011-10-11 00:00:00,17.68,10248
5361059,10193,WOODEN FRAME ANTIQUE WHITE,26,2011-07-21 00:00:00,27.85,10110
5371060,10028,SET 7 BABUSHKA NESTING BOXES,6,2011-09-21 00:00:00,13.34,10220
5361061,10124,WOODEN FRAME ANTIQUE WHITE,-4,2011-03-23 00:00:00,4.25,10303
5391062,10056,VICTORIAN SEWING BOX LARGE,11,2011-03-23 00:00:00,5.06,10023
5381063,10001,ASSORTED COLOUR BIRD ORNAMENT,-4,2011-07-08 00:00:00,1.63,10028
5391064,10196,JUMBO BAG RED RETROSPOT,17,2011-07-12 00:00:00,8.73,10108
5381065,10083,REGENCY CAKESTAND 3 TIER,27,2011-04-05 00:00:00,0.66,10148
5371066,10044,JUMBO BAG RED RETROSPOT,-4,2011-05-21 00:00:00,6.83,10220
5381067,10128,WOODEN FRAME ANTIQUE WHITE,20,2011-06-16 00:00:00,45.83,10117
5381068,10018,VICTORIAN SEWING BOX LARGE,26,2011-10-20 00:00:00,23.27,10181
5371069,10111,WHITE HANGING HEART T-LIGHT HOLDER,5,2011-04-02 00:00:00,36.49,10021
5381070,10080,CLEAR ACRYLIC LETTERS,11,2011-09-20 00:00:00,17.87,10039
5361071,10181,VICTORIAN SEWING BOX LARGE,18,2011-03-08 00:00:00,6.38,10207
5401072,10005,PAPER CHAIN KIT 50'S CHRISTMAS,0,2011-07-28 00:00:00,9.32,10207
5371073,10117,PAPER CHAIN KIT 50'S CHRISTMAS,10,2011-06-19 00:00:00,0.71,10316
5401074,10062,VICTORIAN SEWING BOX LARGE,0,2011-11-14 00:00:00,39.72,10054
5371075,10020,VICTORIAN SEWING BOX LARGE,-3,2011-08-09 00:00:00,7.01,10268
5371076,10056,PAPER CHAIN KIT 50'S CHRISTMAS,13,2011-04-26 00:00:00,2.22,10173
5391077,10130,REGENCY CAKESTAND 3 TIER,14,2011-06-17 00:00:00,38.27,10039
5391078,10198,PAPER CHAIN KIT 50'S CHRISTMAS,27,2011-04-07 00:00:00,33.78,10099
5381079,10037,ASSORTED COLOUR BIRD ORNAMENT,12,2011-04-08 00:00:00,27.57,
5401080,10050,JUMBO BAG RED RETROSPOT,5,2011-04-30 00:00:00,6.01,10131
5371081,10019,JUMBO BAG RED RETROSPOT,25,2011-09-24 00:00:00,15.51,
5381082,10126,HOME BUILDING BLOCK WORD,29,2011-08-09 00:00:00,21.93,
5361083,10114,CLEAR ACRYLIC LETTERS,10,2011-03-22 00:00:00,2.05,10296
5371084,10082,PAPER CHAIN KIT 50'S CHRISTMAS,-4,2011-09-30 00:00:00,0.75,10319
5361085,10120,HOME BUILDING BLOCK WORD,6,2011-01-06 00:00:00,8.08,10034
5381086,10151,WHITE HANGING HEART T-LIGHT HOLDER,26,2010-12-09 00:00:00,3.45,10140
5391087,10079,HOME BUILDING BLOCK WORD,29,2011-09-30 00:00:00,3.7,10037
5381088,10094,SET 7 BABUSHKA NESTING BOXES,10,2011-05-01 00:00:00,2.75,10029
5361089,10157,CLEAR ACRYLIC LETTERS,27,2011-03-26 00:00:00,37.68,10046
5371090,10148,WOODEN FRAME ANTIQUE WHITE,5,2011-03-14 00:00:00,1.27,10236
5401091,10115,CLEAR ACRYLIC LETTERS,14,2011-07-15 00:00:00,13.13,10021
5381092,10154,HOME BUILDING BLOCK WORD,19,2011-05-02 00:00:00,3.83,10164
5371093,10115,REGENCY CAKESTAND 3 TIER,23,2011-11-03 00:00:00,2.26,10031
5391094,10182,REGENCY CAKESTAND 3 TIER,-4,2011-05-12 00:00:00,11.96,10175
5391095,10010,ASSORTED COLOUR BIRD ORNAMENT,10,2011-05-18 00:00:00,8.45,10088
5391096,10134,WOODEN FRAME ANTIQUE WHITE,27,2011-09-15 00:00:00,6.04,10224
5371097,10095,SET 7 BABUSHKA NESTING BOXES,8,2011-09-30 00:00:00,6.87,10186
5381098,10173,CLEAR ACRYLIC LETTERS,14,2011-04-14 00:00:00,26.31,10173
5371099,10165,PAPER CHAIN KIT 50'S CHRISTMAS,-3,2011-04-07 00:00:00,0.69,
5371100,10142,VICTORIAN SEWING BOX LARGE,27,2010-12-22 00:00:00,32.1,10048
5401101,10154,JUMBO BAG RED RETROSPOT,24,2011-07-18 00:00:00,10.6,
5401102,10169,JUMBO BAG RED RETROSPOT,2,2010-12-27 00:00:00,4.89,10298
5381103,10167,VICTORIAN SEWING BOX LARGE,28,2011-09-12 00:00:00,5.59,10158
5401104,10079,WOODEN FRAME ANTIQUE WHITE,27,2011-10-13 00:00:00,5.16,10043
5391105,10032,WOODEN FRAME ANTIQUE WHITE,13,2011-01-04 00:00:00,4.1,10168
5401106,10108,WOODEN FRAME ANTIQUE WHITE,11,2011-07-08 00:00:00,5.11,
5391107,10079,JUMBO BAG RED RETROSPOT,24,2011-01-15 00:00:00,9.66,10185
5381108,10196,HOME BUILDING BLOCK WORD,0,2011-07-21 00:00:00,3.04,10174
5371109,10039,REGENCY CAKESTAND 3 TIER,18,2011-09-28 00:00:00,6.41,10070
5371110,10129,WOODEN FRAME ANTIQUE WHITE,25,2011-06-06 00:00:00,4.68,10051
5401111,10009,PAPER CHAIN KIT 50'S CHRISTMAS,27,2011-06-09 00:00:00,7.04,10269
5391112,10033,CLEAR ACRYLIC LETTERS,15,2011-05-10 00:00:00,34.42,10316
5361113,10046,CLEAR ACRYLIC LETTERS,-3,2010-12-18 00:00:00,45.23,10083
5361114,10184,HOME BUILDING BLOCK WORD,19,2011-07-11 00:00:00,1.3,10084
5361115,10173,ASSORTED COLOUR BIRD ORNAMENT,-3,2011-05-23 00:00:00,49.24,10186
5371116,10072,HOME BUILDING BLOCK WORD,18,2011-09-14 00:00:00,1.54,10312
5371117,10079,HOME BUILDING BLOCK WORD,16,2011-04-06 00:00:00,23.8,10122
5391118,10094,CLEAR ACRYLIC LETTERS,21,2011-08-30 00:00:00,2.48,10099
5401119,10196,SET 7 BABUSHKA NESTING BOXES,27,2011-09-25 00:00:00,1.16,10236
5361120,10135,VICTORIAN SEWING BOX LARGE,23,2011-08-04 00:00:00,2.46,10257
5391121,10154,JUMBO BAG RED RETROSPOT,20,2011-10-02 00:00:00,4.78,10102
5391122,10164,HOME BUILDING BLOCK WORD,19,2010-12-13 00:00:00,46.85,10026
5401123,10026,WOODEN FRAME ANTIQUE WHITE,1,2011-01-05 00:00:00,1.2,10283
5391124,10021,JUMBO BAG RED RETROSPOT,14,2011-08-21 00:00:00,0.83,10145
5401125,10037,VICTORIAN SEWING BOX LARGE,10,2011-04-22 00:00:00,8.68,10262
5381126,10115,PAPER CHAIN KIT 50'S CHRISTMAS,22,2011-10-18 00:00:00,2.41,10113
5401127,10013,VICTORIAN SEWING BOX LARGE,26,2011-11-07 00:00:00,18.78,10212
5361128,10098,REGENCY CAKESTAND 3 TIER,19,2011-02-01 00:00:00,1.72,10120
5361129,10081,REGENCY CAKESTAND 3 TIER,16,2011-01-27 00:00:00,2.3,10014
5401130,10085,JUMBO BAG RED RETROSPOT,16,2011-05-29 00:00:00,0.74,
5381131,10120,JUMBO BAG RED RETROSPOT,0,2011-01-23 00:00:00,21.99,10146
5381132,10114,CLEAR ACRYLIC LETTERS,27,2011-01-22 00:00:00,25.13,10240
5361133,10004,SET 7 BABUSHKA NESTING BOXES,-1,2011-06-14 00:00:00,15.2,10040
5381134,10140,CLEAR ACRYLIC LETTERS,0,2011-11-15 00:00:00,7.56,10076
5391135,10198,SET 7 BABUSHKA NESTING BOXES,29,2011-10-04 00:00:00,15.47,10056
5371136,10012,ASSORTED COLOUR BIRD ORNAMENT,10,2011-04-03 00:00:00,7.03,10062
5391137,10117,REGENCY CAKESTAND 3 TIER,24,2011-04-24 00:00:00,2.83,10318
5361138,10152,WOODEN FRAME ANTIQUE WHITE,13,2011-01-27 00:00:00,3.81,10255
5381139,10147,ASSORTED COLOUR BIRD ORNAMENT,20,2011-03-27 00:00:00,8.51,10263
5401140,10109,WHITE HANGING HEART T-LIGHT HOLDER,17,2011-04-08 00:00:00,20.19,10149
5371141,10146,VICTORIAN SEWING BOX LARGE,-5,2011-09-16 00:00:00,14.84,10123
5401142,10021,WOODEN FRAME ANTIQUE WHITE,26,2011-03-28 00:00:00,15.7,
5361143,10134,WOODEN FRAME ANTIQUE WHITE,19,2011-07-25 00:00:00,37.68,10034
5381144,10141,WHITE HANGING HEART T-LIGHT HOLDER,-5,2011-06-07 00:00:00,34.76,10259
5401145,10011,VICTORIAN SEWING BOX LARGE,-1,2011-11-14 00:00:00,15.75,10240
5401146,10191,WHITE HANGING HEART T-LIGHT HOLDER,-3,2011-05-03 00:00:00,5.09,10129
5371147,10088,ASSORTED COLOUR BIRD ORNAMENT,10,2011-02-24 00:00:00,4.42,10034
5371148,10026,CLEAR ACRYLIC LETTERS,23,2011-07-08 00:00:00,13.79,
5381149,10034,WHITE HANGING HEART T-LIGHT HOLDER,-1,2011-03-04 00:00:00,16.9,10170
5371150,10164,JUMBO BAG RED RETROSPOT,-1,2011-07-06 00:00:00,6.86,10173
5401151,10178,HOME BUILDING BLOCK WORD,20,2011-11-06 00:00:00,40.79,10237
5401152,10016,HOME BUILDING BLOCK WORD,27,2011-07-10 00:00:00,8.24,10069
5361153,10011,ASSORTED COLOUR BIRD ORNAMENT,17,2010-12-10 00:00:00,2.36,10103
5401154,10079,WOODEN FRAME ANTIQUE WHITE,-1,2011-09-16 00:00:00,5.24,10161
5381155,10121,SET 7 BABUSHKA NESTING BOXES,25,2011-08-07 00:00:00,1.3,10278
5391156,10048,SET 7 BABUSHKA NESTING BOXES,13,2011-03-06 00:00:00,1.7,
5361157,10167,PAPER CHAIN KIT 50'S CHRISTMAS,-5,2011-10-21 00:00:00,31.83,10024
5361158,10111,VICTORIAN SEWING BOX LARGE,-2,2011-09-06 00:00:00,43.58,10188
5381159,10086,JUMBO BAG RED RETROSPOT,10,2011-08-15 00:00:00,18.7,10197
5381160,10094,WOODEN FRAME ANTIQUE WHITE,22,2011-05-09 00:00:00,31.67,10254
5371161,10186,VICTORIAN SEWING BOX LARGE,21,2011-05-01 00:00:00,4.05,10042
5361162,10046,WOODEN FRAME ANTIQUE WHITE,6,2011-05-12 00:00:00,1.62,10308
5371163,10020,PAPER CHAIN KIT 50'S CHRISTMAS,27,2011-05-28 00:00:00,1.08,10052
5401164,10114,CLEAR ACRYLIC LETTERS,6,2011-02-03 00:00:00,4.38,10156
5361165,10176,HOME BUILDING BLOCK WORD,27,2011-10-26 00:00:00,33.79,10085
5361166,10186,PAPER CHAIN KIT 50'S CHRISTMAS,23,2010-12-12 00:00:00,7.99,10021
5391167,10070,WHITE HANGING HEART T-LIGHT HOLDER,25,2011-08-10 00:00:00,8.55,10222
5361168,10103,PAPER CHAIN KIT 50'S CHRISTMAS,29,2011-11-02 00:00:00,18.91,
5401169,10040,WHITE HANGING HEART T-LIGHT HOLDER,20,2011-03-03 00:00:00,28.57,
5371170,10173,HOME BUILDING BLOCK WORD,20,2011-02-28 00:00:00,1.29,10311
5371171,10060,PAPER CHAIN KIT 50'S CHRISTMAS,28,2011-03-15 00:00:00,3.47,10034
5391172,10008,CLEAR ACRYLIC LETTERS,1,2011-10-10 00:00:00,4.33,10290
5401173,10094,PAPER CHAIN KIT 50'S CHRISTMAS,5,2011-07-05 00:00:00,7.15,10230
5371174,10146,JUMBO BAG RED RETROSPOT,15,2011-08-06 00:00:00,7.57,10039
5381175,10080,SET 7 BABUSHKA NESTING BOXES,4,2011-06-10 00:00:00,6.19,10203
5401176,10006,JUMBO BAG RED RETROSPOT,29,2011-03-09 00:00:00,0.97,10058
5401177,10143,REGENCY CAKESTAND 3 TIER,12,2011-03-06 00:00:00,0.82,10198
5391178,10180,HOME BUILDING BLOCK WORD,18,2011-06-08 00:00:00,15.18,10133
5371179,10073,HOME BUILDING BLOCK WORD,26,2011-08-25 00:00:00,5.94,10313
5401180,10018,HOME BUILDING BLOCK WORD,7,2011-07-05 00:00:00,14.66,10069
5371181,10022,PAPER CHAIN KIT 50'S CHRISTMAS,29,2011-09-12 00:00:00,1.08,10227
5381182,10140,WOODEN FRAME ANTIQUE WHITE,11,2011-01-31 00:00:00,0.84,10033
5391183,10040,JUMBO BAG RED RETROSPOT,14,2011-07-05 00:00:00,44.84,10153
5381184,10057,REGENCY CAKESTAND 3 TIER,16,2011-06-05 00:00:00,9.83,10260
5391185,10060,HOME BUILDING BLOCK WORD,13,2011-03-10 00:00:00,0.67,10071
5401186,10146,PAPER CHAIN KIT 50'S CHRISTMAS,6,2011-07-21 00:00:00,7.26,10283
5391187,10033,CLEAR ACRYLIC LETTERS,13,2011-08-22 00:00:00,7.07,10282
5361188,10079,VICTORIAN SEWING BOX LARGE,1,2011-06-24 00:00:00,7.5,10033
5371189,10134,VICTORIAN SEWING BOX LARGE,25,2011-01-21 00:00:00,44.23,10245
5371190,10018,JUMBO BAG RED RETROSPOT,13,2011-04-23 00:00:00,2.47,10294
5361191,10018,HOME BUILDING BLOCK WORD,-1,2010-12-25 00:00:00,3.74,
5381192,10088,JUMBO BAG RED RETROSPOT,15,2011-01-22 00:00:00,7.04,10264
5361193,10163,CLEAR ACRYLIC LETTERS,17,2011-01-26 00:00:00,29.55,10282
5401194,10110,WOODEN FRAME ANTIQUE WHITE,8,2011-04-01 00:00:00,23.88,10066
5401195,10031,WOODEN FRAME ANTIQUE WHITE,-1,2011-07-03 00:00:00,2.94,10028
5371196,10041,PAPER CHAIN KIT 50'S CHRISTMAS,23,2011-10-27 00:00:00,4.93,10084
5401197,10088,WOODEN FRAME ANTIQUE WHITE,12,2011-02-14 00:00:00,23.69,10115
5371198,10064,ASSORTED COLOUR BIRD ORNAMENT,3,2011-08-10 00:00:00,2.04,10040
5361199,10070,JUMBO BAG RED RETROSPOT,1,2011-04-20 00:00:00,12.92,10282
5361200,10136,REGENCY CAKESTAND 3 TIER,3,2011-09-09 00:00:00,1.88,10314
5361201,10151,CLEAR ACRYLIC LETTERS,-4,2010-12-29 00:00:00,5.71,10086
5371202,10159,CLEAR ACRYLIC LETTERS,13,2011-11-30 00:00:00,33.44,
5361203,10010,WHITE HANGING HEART T-LIGHT HOLDER,-5,2011-04-24 00:00:00,8.6,10288
5361204,10197,CLEAR ACRYLIC LETTERS,1,2011-09-27 00:00:00,0.82,
5381205,10196,CLEAR ACRYLIC LETTERS,-2,2011-02-08 00:00:00,5.31,10107
5361206,10007,HOME BUILDING BLOCK WORD,25,2011-11-29 00:00:00,4.82,
5401207,10074,SET 7 BABUSHKA NESTING BOXES,21,2011-11-11 00:00:00,1.85,10279
5371208,10076,HOME BUILDING BLOCK WORD,13,2011-04-05 00:00:00,13.41,10207
5381209,10040,HOME BUILDING BLOCK WORD,-3,2011-04-20 00:00:00,7.01,10030
5391210,10052,PAPER CHAIN KIT 50'S CHRISTMAS,22,2011-01-27 00:00:00,12.77,10237
5371211,10183,PAPER CHAIN KIT 50'S CHRISTMAS,14,2011-10-13 00:00:00,6.5,10160
5401212,10102,JUMBO BAG RED RETROSPOT,-5,2011-11-13 00:00:00,4.49,10176
5371213,10143,REGENCY CAKESTAND 3 TIER,19,2011-03-27 00:00:00,32.98,10263
5401214,10031,SET 7 BABUSHKA NESTING BOXES,0,2011-01-13 00:00:00,1.81,10238
5401215,10024,WHITE HANGING HEART T-LIGHT HOLDER,26,2011-10-13 00:00:00,6.39,10072
5391216,10157,VICTORIAN SEWING BOX LARGE,15,2011-07-01 00:00:00,31.21,10196
5371217,10083,CLEAR ACRYLIC LETTERS,5,2011-07-17 00:00:00,6.45,10081
5391218,10195,JUMBO BAG RED RETROSPOT,29,2010-12-20 00:00:00,3.82,10097
5391219,10119,HOME BUILDING BLOCK WORD,12,2011-07-21 00:00:00,23.49,10263
5371220,10005,REGENCY CAKESTAND 3 TIER,8,2010-12-01 00:00:00,24.32,10254
5361221,10117,ASSORTED COLOUR BIRD ORNAMENT,-3,2010-12-12 00:00:00,30.38,10258
5361222,10012,WHITE HANGING HEART T-LIGHT HOLDER,4,2011-08-29 00:00:00,32.03,10180
5391223,10167,HOME BUILDING BLOCK WORD,2,2011-05-05 00:00:00,10.22,10305
5381224,10027,VICTORIAN SEWING BOX LARGE,2,2011-11-13 00:00:00,1.42,10004
5391225,10186,PAPER CHAIN KIT 50'S CHRISTMAS,20,2011-06-04 00:00:00,44.1,10135
5391226,10011,VICTORIAN SEWING BOX LARGE,22,2011-11-22 00:00:00,3.94,10187
5391227,10049,PAPER CHAIN KIT 50'S CHRISTMAS,21,2011-04-24 00:00:00,12.35,10287
5361228,10098,WOODEN FRAME ANTIQUE WHITE,3,2011-06-30 00:00:00,0.94,10037
5361229,10071,CLEAR ACRYLIC LETTERS,7,2011-07-28 00:00:00,6.3,10281
5361230,10032,REGENCY CAKESTAND 3 TIER,23,2011-01-15 00:00:00,6.9,10060
5391231,10142,PAPER CHAIN KIT 50'S CHRISTMAS,29,2011-02-20 00:00:00,8.69,10173
5381232,10154,WOODEN FRAME ANTIQUE WHITE,-1,2010-12-10 00:00:00,17.52,10101
5361233,10011,WHITE HANGING HEART T-LIGHT HOLDER,24,2011-08-08 00:00:00,1.42,10020
5371234,10121,WOODEN FRAME ANTIQUE WHITE,-1,2011-09-15 00:00:00,18.21,10170
5371235,10131,JUMBO BAG RED RETROSPOT,-5,2011-07-12 00:00:00,1.66,10310
5371236,10081,JUMBO BAG RED RETROSPOT,5,2011-09-08 00:00:00,6.9,10313
5401237,10189,SET 7 BABUSHKA NESTING BOXES,19,2011-10-11 00:00:00,12.67,10315
5391238,10130,WOODEN FRAME ANTIQUE WHITE,21,2011-03-08 00:00:00,0.97,10259
5371239,10076,HOME BUILDING BLOCK WORD,29,2011-10-07 00:00:00,22.7,10288
5391240,10084,REGENCY CAKESTAND 3 TIER,0,2011-06-15 00:00:00,7.42,10188
5371241,10078,WHITE HANGING HEART T-LIGHT HOLDER,25,2011-11-23 00:00:00,7.9,10298
5381242,10167,CLEAR ACRYLIC LETTERS,-3,2010-12-23 00:00:00,7.81,10135
5391243,10149,HOME BUILDING BLOCK WORD,4,2011-02-21 00:00:00,1.46,10026
5371244,10184,CLEAR ACRYLIC LETTERS,11,2011-02-16 00:00:00,8.78,
5361245,10037,ASSORTED COLOUR BIRD ORNAMENT,3,2010-12-01 00:00:00,8.2,10194
5391246,10048,WHITE HANGING HEART T-LIGHT HOLDER,7,2011-09-14 00:00:00,5.4,10056
5401247,10038,VICTORIAN SEWING BOX LARGE,28,2011-03-05 00:00:00,6.34,10214
5361248,10128,CLEAR ACRYLIC LETTERS,2,2011-05-03 00:00:00,24.01,10210
5361249,10180,JUMBO BAG RED RETROSPOT,28,2011-03-28 00:00:00,12.07,10031
5401250,10083,HOME BUILDING BLOCK WORD,-3,2011-10-02 00:00:00,3.89,10287
5361251,10044,HOME BUILDING BLOCK WORD,6,2011-01-23 00:00:00,1.24,10160
5361252,10139,PAPER CHAIN KIT 50'S CHRISTMAS,-1,2011-07-10 00:00:00,13.32,10175
5371253,10164,SET 7 BABUSHKA NESTING BOXES,11,2011-08-12 00:00:00,40.25,
5371254,10063,SET 7 BABUSHKA NESTING BOXES,17,2011-07-17 00:00:00,19.48,10098
5391255,10076,SET 7 BABUSHKA NESTING BOXES,15,2011-02-04 00:00:00,13.55,10115
5391256,10081,HOME BUILDING BLOCK WORD,5,2011-03-13 00:00:00,3.44,10250
5391257,10073,REGENCY CAKESTAND 3 TIER,28,2011-10-02 00:00:00,12.51,10140
5371258,10097,VICTORIAN SEWING BOX LARGE,28,2011-09-12 00:00:00,2.27,10278
5391259,10074,WHITE HANGING HEART T-LIGHT HOLDER,9,2011-10-04 00:00:00,3.28,10074
5361260,10088,HOME BUILDING BLOCK WORD,27,2011-10-31 00:00:00,41.4,10040
5371261,10054,ASSORTED COLOUR BIRD ORNAMENT,24,2011-03-16 00:00:00,22.85,10245
5391262,10143,SET 7 BABUSHKA NESTING BOXES,11,2011-09-11 00:00:00,5.63,10138
5361263,10189,CLEAR ACRYLIC LETTERS,-2,2011-06-02 00:00:00,1.55,10315
5391264,10171,WOODEN FRAME ANTIQUE WHITE,11,2011-08-30 00:00:00,1.53,10025
5381265,10013,REGENCY CAKESTAND 3 TIER,14,2011-02-07 00:00:00,35.33,10119
5391266,10025,JUMBO BAG RED RETROSPOT,28,2011-01-22 00:00:00,7.99,10241
5381267,10040,VICTORIAN SEWING BOX LARGE,-4,2011-04-05 00:00:00,8.18,10281
5391268,10122,ASSORTED COLOUR BIRD ORNAMENT,5,2011-03-21 00:00:00,4.48,10243
5401269,10082,SET 7 BABUSHKA NESTING BOXES,17,2011-11-01 00:00:00,20.57,10147
5391270,10166,CLEAR ACRYLIC LETTERS,25,2010-12-08 00:00:00,3.14,10045
5371271,10044,VICTORIAN SEWING BOX LARGE,-2,2011-06-02 00:00:00,47.06,10019
5371272,10009,VICTORIAN SEWING BOX LARGE,19,2011-11-17 00:00:00,4.56,10090
5381273,10191,SET 7 BABUSHKA NESTING BOXES,-3,2011-03-03 00:00:00,4.79,10095
5371274,10076,CLEAR ACRYLIC LETTERS,26,2011-01-30 00:00:00,2.0,10004
5361275,10072,HOME BUILDING BLOCK WORD,13,2010-12-05 00:00:00,9.85,10171
5401276,10134,HOME BUILDING BLOCK WORD,12,2011-05-19 00:00:00,7.08,10278
5401277,10129,HOME BUILDING BLOCK WORD,16,2011-10-22 00:00:00,6.3,10068
5361278,10084,JUMBO BAG RED RETROSPOT,-5,2011-07-21 00:00:00,8.57,10057
5381279,10065,JUMBO BAG RED RETROSPOT,6,2011-01-15 00:00:00,1.27,
5361280,10075,CLEAR ACRYLIC LETTERS,28,2011-02-16 00:00:00,1.09,10172
5361281,10044,CLEAR ACRYLIC LETTERS,20,2011-02-11 00:00:00,9.19,10098
5401282,10109,WOODEN FRAME ANTIQUE WHITE,20,2011-01-16 00:00:00,0.86,10207
5391283,10171,REGENCY CAKESTAND 3 TIER,16,2011-01-25 00:00:00,14.81,10205
5401284,10122,PAPER CHAIN KIT 50'S CHRISTMAS,24,2011-10-15 00:00:00,4.94,10071
5401285,10066,VICTORIAN SEWING BOX LARGE,11,2011-09-18 00:00:00,1.54,10003
5371286,10084,SET 7 BABUSHKA NESTING BOXES,-5,2011-03-23 00:00:00,39.56,10136
5361287,10002,SET 7 BABUSHKA NESTING BOXES,29,2011-05-29 00:00:00,8.19,10293
5401288,10015,REGENCY CAKESTAND 3 TIER,9,2011-04-06 00:00:00,18.32,10120
5361289,10103,WOODEN FRAME ANTIQUE WHITE,16,2010-12-28 00:00:00,15.29,10081
5371290,10176,REGENCY CAKESTAND 3 TIER,17,2011-07-04 00:00:00,13.03,10159
5361291,10094,CLEAR ACRYLIC LETTERS,-4,2011-05-03 00:00:00,6.04,10151
5401292,10122,JUMBO BAG RED RETROSPOT,8,2011-10-08 00:00:00,3.71,10068
5361293,10095,VICTORIAN SEWING BOX LARGE,1,2011-03-21 00:00:00,4.34,10310
5371294,10193,WOODEN FRAME ANTIQUE WHITE,17,2011-11-28 00:00:00,14.33,10241
5391295,10195,ASSORTED COLOUR BIRD ORNAMENT,12,2011-09-20 00:00:00,2.1,10111
5361296,10020,WOODEN FRAME ANTIQUE WHITE,29,2010-12-15 00:00:00,3.69,10305
5401297,10019,CLEAR ACRYLIC LETTERS,19,2010-12-28 00:00:00,13.9,10185
5371298,10129,ASSORTED COLOUR BIRD ORNAMENT,4,2011-08-30 00:00:00,19.66,10280
5401299,10042,PAPER CHAIN KIT 50'S CHRISTMAS,16,2011-04-05 00:00:00,2.32,10076
5401300,10029,ASSORTED COLOUR BIRD ORNAMENT,19,2010-12-13 00:00:00,1.12,10226
5361301,10023,WOODEN FRAME ANTIQUE WHITE,14,2011-02-06 00:00:00,0.94,10250
5401302,10116,JUMBO BAG RED RETROSPOT,4,2011-07-21 00:00:00,3.86,10028
5361303,10144,WHITE HANGING HEART T-LIGHT HOLDER,12,2011-07-16 00:00:00,19.48,10233
5391304,10078,WHITE HANGING HEART T-LIGHT HOLDER,16,2011-03-21 00:00:00,1.74,
5401305,10190,ASSORTED COLOUR BIRD ORNAMENT,2,2011-07-24 00:00:00,39.46,10001
5401306,10108,PAPER CHAIN KIT 50'S CHRISTMAS,13,2011-03-11 00:00:00,2.13,10023
5401307,10015,REGENCY CAKESTAND 3 TIER,0,2011-09-08 00:00:00,7.45,10277
5381308,10008,SET 7 BABUSHKA NESTING BOXES,28,2011-10-11 00:00:00,3.59,10241
5381309,10196,VICTORIAN SEWING BOX LARGE,0,2011-09-15 00:00:00,6.8,10069
5371310,10114,VICTORIAN SEWING BOX LARGE,16,2011-06-16 00:00:00,6.81,10195
5381311,10169,WOODEN FRAME ANTIQUE WHITE,0,2011-03-22 00:00:00,14.16,
5371312,10030,JUMBO BAG RED RETROSPOT,-2,2011-10-27 00:00:00,15.84,10178
5381313,10135,JUMBO BAG RED RETROSPOT,24,2011-05-01 00:00:00,21.6,10201
5391314,10000,WHITE HANGING HEART T-LIGHT HOLDER,3,2011-07-31 00:00:00,24.73,10114
5371315,10172,WOODEN FRAME ANTIQUE WHITE,25,2011-07-17 00:00:00,35.6,10237
5381316,10058,ASSORTED COLOUR BIRD ORNAMENT,18,2010-12-06 00:00:00,18.26,10194
5391317,10070,ASSORTED COLOUR BIRD ORNAMENT,-4,2011-07-08 00:00:00,7.27,10079
5381318,10008,VICTORIAN SEWING BOX LARGE,5,2011-10-31 00:00:00,6.06,10057
5361319,10061,ASSORTED COLOUR BIRD ORNAMENT,0,2011-03-04 00:00:00,8.48,10008
5361320,10008,HOME BUILDING BLOCK WORD,-4,2011-06-21 00:00:00,19.97,10304
5391321,10062,WHITE HANGING HEART T-LIGHT HOLDER,2,2011-05-22 00:00:00,1.75,10024
5401322,10138,ASSORTED COLOUR BIRD ORNAMENT,-1,2011-03-28 00:00:00,13.95,10119
5401323,10035,WOODEN FRAME ANTIQUE WHITE,-2,2011-06-30 00:00:00,5.08,10028
5361324,10187,CLEAR ACRYLIC LETTERS,27,2011-03-23 00:00:00,4.95,10119
5361325,10197,PAPER CHAIN KIT 50'S CHRISTMAS,6,2010-12-01 00:00:00,15.46,10306
5401326,10169,WOODEN FRAME ANTIQUE WHITE,20,2011-10-16 00:00:00,9.71,10073
5371327,10070,WHITE HANGING HEART T-LIGHT HOLDER,5,2011-11-21 00:00:00,19.46,10153
5401328,10188,JUMBO BAG RED RETROSPOT,7,2011-08-16 00:00:00,4.15,10302
5381329,10142,HOME BUILDING BLOCK WORD,27,2011-05-27 00:00:00,8.32,10218
5371330,10164,VICTORIAN SEWING BOX LARGE,4,2011-04-17 00:00:00,8.84,10176
5381331,10178,VICTORIAN SEWING BOX LARGE,-4,2011-05-17 00:00:00,6.97,10163
5361332,10096,JUMBO BAG RED RETROSPOT,-4,2011-10-17 00:00:00,6.58,10153
5371333,10061,ASSORTED COLOUR BIRD ORNAMENT,3,2011-08-22 00:00:00,0.85,10242
5381334,10118,WHITE HANGING HEART T-LIGHT HOLDER,5,2011-01-07 00:00:00,19.53,10073
5381335,10142,WOODEN FRAME ANTIQUE WHITE,29,2011-03-05 00:00:00,9.02,10213
5371336,10065,ASSORTED COLOUR BIRD ORNAMENT,-1,2011-07-24 00:00:00,10.58,10124
5391337,10115,PAPER CHAIN KIT 50'S CHRISTMAS,8,2011-04-16 00:00:00,5.41,10040
5401338,10013,SET 7 BABUSHKA NESTING BOXES,28,2011-01-04 00:00:00,5.16,10097
5381339,10154,WHITE HANGING HEART T-LIGHT HOLDER,-5,2011-10-16 00:00:00,46.84,10309
5401340,10194,CLEAR ACRYLIC LETTERS,16,2011-10-16 00:00:00,6.47,10096
5401341,10055,HOME BUILDING BLOCK WORD,23,2011-08-24 00:00:00,30.22,10286
5361342,10077,WHITE HANGING HEART T-LIGHT HOLDER,8,2011-09-12 00:00:00,4.54,10170
5401343,10189,REGENCY CAKESTAND 3 TIER,29,2011-05-14 00:00:00,8.65,10097
5381344,10062,CLEAR ACRYLIC LETTERS,-1,2011-02-16 00:00:00,4.34,10245
5361345,10061,WOODEN FRAME ANTIQUE WHITE,20,2011-04-11 00:00:00,10.51,10203
5371346,10097,HOME BUILDING BLOCK WORD,19,2011-01-11 00:00:00,7.59,10144
5381347,10078,SET 7 BABUSHKA NESTING BOXES,19,2011-09-22 00:00:00,1.7,10183
5361348,10119,REGENCY CAKESTAND 3 TIER,2,2011-03-14 00:00:00,22.54,10254
5361349,10194,PAPER CHAIN KIT 50'S CHRISTMAS,8,2011-05-28 00:00:00,47.86,10240
5401350,10080,VICTORIAN SEWING BOX LARGE,27,2011-02-01 00:00:00,13.07,10189
5371351,10189,JUMBO BAG RED RETROSPOT,9,2011-05-02 00:00:00,0.66,10113
5381352,10149,CLEAR ACRYLIC LETTERS,11,2011-10-05 00:00:00,1.12,10283
5381353,10039,ASSORTED COLOUR BIRD ORNAMENT,0,2011-02-05 00:00:00,10.57,10151
5401354,10145,ASSORTED COLOUR BIRD ORNAMENT,1,2011-01-11 00:00:00,3.82,10194
5371355,10175,PAPER CHAIN KIT 50'S CHRISTMAS,9,2011-05-06 00:00:00,15.72,
5381356,10185,HOME BUILDING BLOCK WORD,27,2011-07-19 00:00:00,5.48,10250
5371357,10043,JUMBO BAG RED RETROSPOT,21,2011-05-06 00:00:00,6.45,10180
5381358,10047,WOODEN FRAME ANTIQUE WHITE,27,2011-09-15 00:00:00,9.85,10250
5401359,10134,WHITE HANGING HEART T-LIGHT HOLDER,-2,2011-10-18 00:00:00,14.62,10030
5391360,10171,WHITE HANGING HEART T-LIGHT HOLDER,4,2011-04-02 00:00:00,8.73,10038
5381361,10035,ASSORTED COLOUR BIRD ORNAMENT,4,2011-03-28 00:00:00,0.69,10211
5361362,10002,ASSORTED COLOUR BIRD ORNAMENT,7,2011-09-29 00:00:00,18.82,10077
5361363,10015,CLEAR ACRYLIC LETTERS,18,2011-06-02 00:00:00,6.14,10191
5391364,10123,HOME BUILDING BLOCK WORD,9,2011-04-15 00:00:00,5.03,10315
5381365,10141,VICTORIAN SEWING BOX LARGE,-1,2011-01-16 00:00:00,5.01,10272
5361366,10184,SET 7 BABUSHKA NESTING BOXES,-2,2011-05-22 00:00:00,5.76,10271
5361367,10004,WOODEN FRAME ANTIQUE WHITE,-4,2011-03-05 00:00:00,4.62,10146
5381368,10110,JUMBO BAG RED RETROSPOT,20,2011-09-09 00:00:00,2.82,
5371369,10134,JUMBO BAG RED RETROSPOT,-1,2010-12-11 00:00:00,4.65,10049
5381370,10134,SET 7 BABUSHKA NESTING BOXES,4,2011-01-07 00:00:00,45.38,10317
5371371,10101,REGENCY CAKESTAND 3 TIER,0,2010-12-23 00:00:00,34.33,10136
5391372,10117,CLEAR ACRYLIC LETTERS,20,2011-11-28 00:00:00,9.88,10207
5401373,10076,REGENCY CAKESTAND 3 TIER,6,2011-04-20 00:00:00,2.07,10115
5391374,10194,WHITE HANGING HEART T-LIGHT HOLDER,12,2011-03-21 00:00:00,0.71,
5401375,10096,WOODEN FRAME ANTIQUE WHITE,6,2011-11-21 00:00:00,5.54,10194
5361376,10002,JUMBO BAG RED RETROSPOT,-2,2011-09-19 00:00:00,5.36,
5361377,10165,PAPER CHAIN KIT 50'S CHRISTMAS,2,2011-03-16 00:00:00,19.57,10222
5361378,10135,WHITE HANGING HEART T-LIGHT HOLDER,22,2011-01-20 00:00:00,15.37,10048
5371379,10121,SET 7 BABUSHKA NESTING BOXES,23,2011-09-22 00:00:00,8.32,10290
5401380,10175,SET 7 BABUSHKA NESTING BOXES,16,2011-08-14 00:00:00,4.84,10038
5361381,10168,WHITE HANGING HEART T-LIGHT HOLDER,15,2011-03-20 00:00:00,1.47,10288
5381382,10004,ASSORTED COLOUR BIRD ORNAMENT,17,2010-12-01 00:00:00,1.03,10161
5401383,10019,SET 7 BABUSHKA NESTING BOXES,9,2011-10-05 00:00:00,5.75,10203
5401384,10145,VICTORIAN SEWING BOX LARGE,3,2011-10-09 00:00:00,2.1,10123
5371385,10084,VICTORIAN SEWING BOX LARGE,20,2011-09-17 00:00:00,1.14,10276
5391386,10176,REGENCY CAKESTAND 3 TIER,19,2011-02-13 00:00:00,1.88,10071
5371387,10013,REGENCY CAKESTAND 3 TIER,-4,2011-06-28 00:00:00,17.96,10177
5361388,10087,CLEAR ACRYLIC LETTERS,21,2011-11-12 00:00:00,2.21,10038
5381389,10101,PAPER CHAIN KIT 50'S CHRISTMAS,11,2011-11-29 00:00:00,25.74,10304
5381390,10115,HOME BUILDING BLOCK WORD,18,2011-05-29 00:00:00,0.8,10139
5361391,10096,VICTORIAN SEWING BOX LARGE,0,2011-11-09 00:00:00,5.87,10283
5381392,10169,VICTORIAN SEWING BOX LARGE,27,2011-09-11 00:00:00,0.71,10299
5371393,10075,ASSORTED COLOUR BIRD ORNAMENT,16,2011-05-05 00:00:00,2.14,10316
5371394,10068,JUMBO BAG RED RETROSPOT,15,2011-11-02 00:00:00,0.9,10042
5361395,10039,VICTORIAN SEWING BOX LARGE,14,2011-05-26 00:00:00,0.86,
5381396,10023,WHITE HANGING HEART T-LIGHT HOLDER,14,2011-11-07 00:00:00,15.45,10054
5401397,10092,SET 7 BABUSHKA NESTING BOXES,22,2011-06-07 00:00:00,13.78,10227
5391398,10047,VICTORIAN SEWING BOX LARGE,1,2011-07-12 00:00:00,0.94,10044
5401399,10131,VICTORIAN SEWING BOX LARGE,7,2011-07-03 00:00:00,8.77,10284
5371400,10090,WOODEN FRAME ANTIQUE WHITE,13,2011-01-01 00:00:00,8.69,10045
5371401,10083,VICTORIAN SEWING BOX LARGE,24,2011-10-01 00:00:00,5.01,10306
5371402,10099,REGENCY CAKESTAND 3 TIER,23,2011-04-23 00:00:00,13.71,10211
5371403,10062,CLEAR ACRYLIC LETTERS,13,2011-08-14 00:00:00,1.9,10286
5391404,10043,JUMBO BAG RED RETROSPOT,8,2011-05-24 00:00:00,3.24,10194
5361405,10126,JUMBO BAG RED RETROSPOT,-4,2011-03-23 00:00:00,8.45,10137
5371406,10070,VICTORIAN SEWING BOX LARGE,24,2011-10-15 00:00:00,10.33,10222
5381407,10092,SET 7 BABUSHKA NESTING BOXES,-2,2011-08-21 00:00:00,1.26,10039
5391408,10126,CLEAR ACRYLIC LETTERS,23,2011-11-24 00:00:00,20.21,
5371409,10027,JUMBO BAG RED RETROSPOT,-3,2011-08-23 00:00:00,32.62,10234
5381410,10085,CLEAR ACRYLIC LETTERS,4,2011-05-11 00:00:00,3.52,10202
5371411,10112,PAPER CHAIN KIT 50'S CHRISTMAS,27,2011-01-24 00:00:00,17.88,10168
5361412,10152,JUMBO BAG RED RETROSPOT,22,2011-05-27 00:00:00,32.51,
5391413,10177,ASSORTED COLOUR BIRD ORNAMENT,1,2010-12-08 00:00:00,7.32,10308
5361414,10101,PAPER CHAIN KIT 50'S CHRISTMAS,-5,2011-08-04 00:00:00,0.84,10090
5391415,10125,CLEAR ACRYLIC LETTERS,-3,2011-08-12 00:00:00,44.55,
5371416,10096,SET 7 BABUSHKA NESTING BOXES,2,2011-08-06 00:00:00,14.44,10166
5371417,10093,REGENCY CAKESTAND 3 TIER,-3,2011-03-07 00:00:00,4.93,10201
5391418,10151,WOODEN FRAME ANTIQUE WHITE,22,2011-08-21 00:00:00,14.75,10102
5381419,10006,HOME BUILDING BLOCK WORD,28,2011-03-06 00:00:00,4.95,10281
5381420,10112,SET 7 BABUSHKA NESTING BOXES,18,2011-09-14 00:00:00,14.56,10107
5371421,10104,HOME BUILDING BLOCK WORD,10,2011-05-14 00:00:00,4.27,10035
5371422,10061,SET 7 BABUSHKA NESTING BOXES,15,2011-07-11 00:00:00,13.19,10155
5361423,10096,REGENCY CAKESTAND 3 TIER,12,2011-10-26 00:00:00,18.11,10216
5371424,10122,CLEAR ACRYLIC LETTERS,1,2011-04-30 00:00:00,0.91,10306
5391425,10177,VICTORIAN SEWING BOX LARGE,15,2011-03-22 00:00:00,3.94,10259
5381426,10179,WOODEN FRAME ANTIQUE WHITE,13,2011-09-11 00:00:00,5.98,10184
5381427,10027,ASSORTED COLOUR BIRD ORNAMENT,12,2011-09-29 00:00:00,2.07,10043
5361428,10042,CLEAR ACRYLIC LETTERS,-1,2010-12-11 00:00:00,3.92,10181
5381429,10173,VICTORIAN SEWING BOX LARGE,-4,2011-03-29 00:00:00,5.02,
5381430,10110,REGENCY CAKESTAND 3 TIER,6,2011-08-18 00:00:00,3.79,10169
5401431,10056,WOODEN FRAME ANTIQUE WHITE,24,2011-07-14 00:00:00,1.14,10132
5391432,10148,CLEAR ACRYLIC LETTERS,29,2011-11-07 00:00:00,4.58,10285
5401433,10100,HOME BUILDING BLOCK WORD,18,2011-06-20 00:00:00,1.15,10191
5381434,10176,WOODEN FRAME ANTIQUE WHITE,24,2011-01-28 00:00:00,28.77,10301
5361435,10123,REGENCY CAKESTAND 3 TIER,17,2011-07-12 00:00:00,32.39,10012
5361436,10029,JUMBO BAG RED RETROSPOT,11,2011-03-25 00:00:00,1.69,10043
5381437,10116,ASSORTED COLOUR BIRD ORNAMENT,11,2010-12-09 00:00:00,12.09,10175
5371438,10121,REGENCY CAKESTAND 3 TIER,-4,2011-09-07 00:00:00,7.12,10178
5401439,10081,REGENCY CAKESTAND 3 TIER,3,2011-09-04 00:00:00,10.34,10231
5381440,10005,PAPER CHAIN KIT 50'S CHRISTMAS,-2,2010-12-29 00:00:00,2.06,10058
5361441,10042,ASSORTED COLOUR BIRD ORNAMENT,28,2011-09-19 00:00:00,18.95,
5361442,10040,PAPER CHAIN KIT 50'S CHRISTMAS,5,2011-04-25 00:00:00,12.4,10282
5401443,10059,VICTORIAN SEWING BOX LARGE,15,2011-11-21 00:00:00,2.04,10236
5391444,10163,VICTORIAN SEWING BOX LARGE,28,2011-05-14 00:00:00,0.91,10095
5381445,10050,HOME BUILDING BLOCK WORD,19,2011-02-14 00:00:00,12.66,10314
5381446,10001,ASSORTED COLOUR BIRD ORNAMENT,17,2011-11-27 00:00:00,5.97,10199
5391447,10147,REGENCY CAKESTAND 3 TIER,16,2010-12-27 00:00:00,8.91,10032
5401448,10047,PAPER CHAIN KIT 50'S CHRISTMAS,25,2011-07-07 00:00:00,10.54,10274
5401449,10029,SET 7 BABUSHKA NESTING BOXES,28,2011-07-25 00:00:00,6.27,10234
5361450,10135,PAPER CHAIN KIT 50'S CHRISTMAS,1,2011-05-22 00:00:00,2.0,10250
5391451,10100,CLEAR ACRYLIC LETTERS,11,2011-06-08 00:00:00,1.39,10312
5401452,10117,CLEAR ACRYLIC LETTERS,-4,2011-10-06 00:00:00,4.4,10180
5371453,10180,SET 7 BABUSHKA NESTING BOXES,-5,2011-05-30 00:00:00,4.89,
5381454,10021,JUMBO BAG RED RETROSPOT,20,2011-04-28 00:00:00,6.5,10302
5361455,10078,REGENCY CAKESTAND 3 TIER,5,2010-12-11 00:00:00,29.58,10122
5391456,10130,VICTORIAN SEWING BOX LARGE,29,2011-03-08 00:00:00,11.28,10072
5361457,10147,VICTORIAN SEWING BOX LARGE,18,2011-02-07 00:00:00,11.31,10070
5401458,10162,WOODEN FRAME ANTIQUE WHITE,27,2011-01-05 00:00:00,2.12,10249
5401459,10044,WOODEN FRAME ANTIQUE WHITE,14,2011-07-15 00:00:00,2.98,
5371460,10035,JUMBO BAG RED RETROSPOT,11,2011-11-30 00:00:00,10.45,10147
5381461,10158,WHITE HANGING HEART T-LIGHT HOLDER,28,2011-05-03 00:00:00,1.21,10230
5391462,10124,JUMBO BAG RED RETROSPOT,-4,2011-02-11 00:00:00,5.92,10004
5361463,10143,WOODEN FRAME ANTIQUE WHITE,3,2010-12-17 00:00:00,41.33,10196
5381464,10175,HOME BUILDING BLOCK WORD,-5,2011-01-30 00:00:00,0.92,10209
5401465,10125,JUMBO BAG RED RETROSPOT,19,2011-09-17 00:00:00,13.53,10227
5381466,10194,ASSORTED COLOUR BIRD ORNAMENT,-3,2011-07-17 00:00:00,1.62,10015
5361467,10057,WOODEN FRAME ANTIQUE WHITE,24,2011-11-19 00:00:00,10.24,10140
5381468,10144,HOME BUILDING BLOCK WORD,6,2011-03-11 00:00:00,3.95,10234
5401469,10146,REGENCY CAKESTAND 3 TIER,11,2011-01-26 00:00:00,1.58,10057
5381470,10093,WOODEN FRAME ANTIQUE WHITE,6,2011-02-18 00:00:00,14.49,10278
5391471,10194,HOME BUILDING BLOCK WORD,18,2011-08-21 00:00:00,3.94,10021
5381472,10026,ASSORTED COLOUR BIRD ORNAMENT,25,2011-02-19 00:00:00,6.42,10217
5391473,10115,SET 7 BABUSHKA NESTING BOXES,17,2011-06-16 00:00:00,6.68,10016
5381474,10112,REGENCY CAKESTAND 3 TIER,2,2011-02-27 00:00:00,1.15,10044
5401475,10053,CLEAR ACRYLIC LETTERS,6,2011-01-28 00:00:00,21.11,10121
5371476,10161,VICTORIAN SEWING BOX LARGE,20,2011-11-30 00:00:00,0.76,10312
5371477,10052,ASSORTED COLOUR BIRD ORNAMENT,20,2011-09-14 00:00:00,22.57,10071
5391478,10089,WOODEN FRAME ANTIQUE WHITE,4,2011-06-17 00:00:00,32.03,10291
5391479,10043,PAPER CHAIN KIT 50'S CHRISTMAS,11,2011-09-08 00:00:00,24.74,10275
5371480,10074,CLEAR ACRYLIC LETTERS,15,2011-08-07 00:00:00,10.08,10149
5401481,10173,REGENCY CAKESTAND 3 TIER,1,2011-10-31 00:00:00,9.03,10263
5401482,10015,SET 7 BABUSHKA NESTING BOXES,1,2011-05-25 00:00:00,1.21,10210
5381483,10179,JUMBO BAG RED RETROSPOT,2,2011-10-11 00:00:00,1.56,10064
5391484,10063,VICTORIAN SEWING BOX LARGE,17,2011-02-20 00:00:00,7.37,10164
5401485,10161,SET 7 BABUSHKA NESTING BOXES,25,2011-03-13 00:00:00,12.94,10295
5361486,10115,REGENCY CAKESTAND 3 TIER,11,2011-05-08 00:00:00,12.99,10192
5381487,10103,WOODEN FRAME ANTIQUE WHITE,18,2011-03-18 00:00:00,4.46,10047
5381488,10116,HOME BUILDING BLOCK WORD,28,2011-09-19 00:00:00,3.38,10188
5371489,10198,REGENCY CAKESTAND 3 TIER,20,2011-11-29 00:00:00,21.64,10001
5391490,10162,PAPER CHAIN KIT 50'S CHRISTMAS,9,2010-12-04 00:00:00,46.25,10234
5401491,10101,ASSORTED COLOUR BIRD ORNAMENT,23,2011-06-28 00:00:00,15.65,10273
5401492,10126,SET 7 BABUSHKA NESTING BOXES,27,2011-03-18 00:00:00,33.07,10108
5381493,10086,WOODEN FRAME ANTIQUE WHITE,-4,2011-07-15 00:00:00,19.72,10145
5391494,10124,PAPER CHAIN KIT 50'S CHRISTMAS,28,2011-08-08 00:00:00,15.06,10289
5391495,10011,REGENCY CAKESTAND 3 TIER,7,2011-08-31 00:00:00,8.05,10024
5391496,10004,REGENCY CAKESTAND 3 TIER,26,2011-07-15 00:00:00,48.24,10235
5371497,10112,HOME BUILDING BLOCK WORD,23,2011-10-14 00:00:00,7.96,10080
5401498,10051,JUMBO BAG RED RETROSPOT,10,2011-07-24 00:00:00,47.05,10219
5391499,10040,SET 7 BABUSHKA NESTING BOXES,4,2011-11-24 00:00:00,8.69,10154
5371500,10064,REGENCY CAKESTAND 3 TIER,14,2011-02-03 00:00:00,6.79,10184
5361501,10042,WHITE HANGING HEART T-LIGHT HOLDER,24,2010-12-03 00:00:00,0.91,
5381502,10185,ASSORTED COLOUR BIRD ORNAMENT,8,2011-05-07 00:00:00,35.73,10156
5401503,10180,REGENCY CAKESTAND 3 TIER,-2,2011-09-19 00:00:00,1.25,10046
5401504,10019,JUMBO BAG RED RETROSPOT,19,2011-06-11 00:00:00,39.84,10244
5381505,10174,HOME BUILDING BLOCK WORD,9,2011-10-01 00:00:00,0.66,10265
5361506,10030,VICTORIAN SEWING BOX LARGE,18,2011-04-19 00:00:00,6.35,10175
5371507,10018,ASSORTED COLOUR BIRD ORNAMENT,0,2011-10-15 00:00:00,17.29,10244
5381508,10026,PAPER CHAIN KIT 50'S CHRISTMAS,18,2011-01-31 00:00:00,3.49,10052
5371509,10035,VICTORIAN SEWING BOX LARGE,7,2011-05-02 00:00:00,2.22,10153
5371510,10164,JUMBO BAG RED RETROSPOT,1,2011-08-17 00:00:00,4.01,10068
5371511,10002,CLEAR ACRYLIC LETTERS,2,2011-11-14 00:00:00,6.19,10288
5361512,10089,ASSORTED COLOUR BIRD ORNAMENT,4,2011-07-14 00:00:00,4.15,10225
5361513,10105,CLEAR ACRYLIC LETTERS,20,2011-07-29 00:00:00,1.1,10077
5371514,10022,REGENCY CAKESTAND 3 TIER,-3,2011-08-19 00:00:00,28.5,10111
5391515,10150,VICTORIAN SEWING BOX LARGE,-1,2011-01-23 00:00:00,6.69,10063
5401516,10080,JUMBO BAG RED RETROSPOT,17,2010-12-09 00:00:00,0.81,10219
5361517,10021,ASSORTED COLOUR BIRD ORNAMENT,29,2011-07-29 00:00:00,5.83,
5391518,10184,CLEAR ACRYLIC LETTERS,29,2011-11-03 00:00:00,1.61,10307
5391519,10168,SET 7 BABUSHKA NESTING BOXES,11,2010-12-03 00:00:00,30.14,10013
5401520,10130,ASSORTED COLOUR BIRD ORNAMENT,26,2011-08-26 00:00:00,4.46,10310
5371521,10165,WHITE HANGING HEART T-LIGHT HOLDER,19,2011-02-06 00:00:00,1.16,10151
5391522,10126,VICTORIAN SEWING BOX LARGE,8,2011-03-08 00:00:00,5.51,10122
5391523,10163,CLEAR ACRYLIC LETTERS,5,2011-10-19 00:00:00,0.7,10255
5391524,10092,PAPER CHAIN KIT 50'S CHRISTMAS,22,2011-04-16 00:00:00,5.6,10006
5371525,10107,PAPER CHAIN KIT 50'S CHRISTMAS,-3,2011-07-14 00:00:00,1.01,10291
5371526,10195,HOME BUILDING BLOCK WORD,6,2010-12-09 00:00:00,2.44,10088
5361527,10004,CLEAR ACRYLIC LETTERS,9,2010-12-25 00:00:00,26.69,10037
5361528,10055,WHITE HANGING HEART T-LIGHT HOLDER,-1,2011-07-14 00:00:00,4.9,10134
5391529,10129,SET 7 BABUSHKA NESTING BOXES,18,2011-01-07 00:00:00,6.11,10203
5371530,10196,VICTORIAN SEWING BOX LARGE,2,2011-05-25 00:00:00,3.63,10256
5371531,10021,WOODEN FRAME ANTIQUE WHITE,20,2011-01-06 00:00:00,1.92,10205
5401532,10071,REGENCY CAKESTAND 3 TIER,7,2011-02-19 00:00:00,4.91,10078
5391533,10052,JUMBO BAG RED RETROSPOT,26,2011-11-14 00:00:00,12.21,10261
5361534,10150,REGENCY CAKESTAND 3 TIER,-3,2011-01-09 00:00:00,32.75,10200
5401535,10186,ASSORTED COLOUR BIRD ORNAMENT,28,2011-11-12 00:00:00,26.45,10223
5371536,10111,REGENCY CAKESTAND 3 TIER,7,2011-09-15 00:00:00,7.19,10044
5361537,10014,SET 7 BABUSHKA NESTING BOXES,0,2011-04-26 00:00:00,41.65,10311
5391538,10189,JUMBO BAG RED RETROSPOT,10,2011-03-02 00:00:00,27.99,
5371539,10179,WHITE HANGING HEART T-LIGHT HOLDER,27,2011-01-28 00:00:00,2.97,10070
5391540,10133,WOODEN FRAME ANTIQUE WHITE,7,2011-01-14 00:00:00,4.55,10177
5401541,10042,PAPER CHAIN KIT 50'S CHRISTMAS,19,2011-05-19 00:00:00,5.58,10132
5401542,10187,REGENCY CAKESTAND 3 TIER,21,2011-06-06 00:00:00,14.08,10137
5401543,10085,VICTORIAN SEWING BOX LARGE,1,2011-07-23 00:00:00,6.3,10015
5381544,10067,CLEAR ACRYLIC LETTERS,25,2011-05-09 00:00:00,20.34,10032
5391545,10116,WOODEN FRAME ANTIQUE WHITE,24,2011-02-20 00:00:00,17.0,10254
5401546,10145,JUMBO BAG RED RETROSPOT,-4,2011-02-15 00:00:00,10.87,10255
5401547,10197,REGENCY CAKESTAND 3 TIER,23,2011-09-21 00:00:00,7.1,10130
5391548,10185,REGENCY CAKESTAND 3 TIER,-4,2010-12-13 00:00:00,30.71,
5401549,10000,WHITE HANGING HEART T-LIGHT HOLDER,21,2011-07-21 00:00:00,1.21,10260
5391550,10062,WHITE HANGING HEART T-LIGHT HOLDER,11,2011-07-11 00:00:00,36.79,10006
5371551,10038,JUMBO BAG RED RETROSPOT,28,2011-11-09 00:00:00,7.24,10196
5391552,10141,VICTORIAN SEWING BOX LARGE,29,2011-10-22 00:00:00,30.61,10018
5391553,10106,PAPER CHAIN KIT 50'S CHRISTMAS,13,2011-02-12 00:00:00,10.11,10127
5381554,10146,PAPER CHAIN KIT 50'S CHRISTMAS,26,2011-10-15 00:00:00,1.4,10039
5371555,10013,JUMBO BAG RED RETROSPOT,22,2011-10-31 00:00:00,4.59,
5381556,10011,VICTORIAN SEWING BOX LARGE,24,2011-09-04 00:00:00,5.29,10264
5401557,10072,SET 7 BABUSHKA NESTING BOXES,-2,2011-11-17 00:00:00,4.98,10238
5391558,10116,WHITE HANGING HEART T-LIGHT HOLDER,-2,2011-06-10 00:00:00,3.49,10283
5371559,10144,SET 7 BABUSHKA NESTING BOXES,11,2011-06-11 00:00:00,6.52,10149
5381560,10118,PAPER CHAIN KIT 50'S CHRISTMAS,16,2011-03-30 00:00:00,1.99,10124
5391561,10197,ASSORTED COLOUR BIRD ORNAMENT,12,2011-08-27 00:00:00,2.17,10252
5361562,10194,ASSORTED COLOUR BIRD ORNAMENT,23,2011-05-13 00:00:00,4.31,10279
5381563,10006,ASSORTED COLOUR BIRD ORNAMENT,29,2010-12-07 00:00:00,5.78,10209
5371564,10177,WHITE HANGING HEART T-LIGHT HOLDER,23,2011-01-02 00:00:00,4.98,
5381565,10194,VICTORIAN SEWING BOX LARGE,0,2011-02-17 00:00:00,23.11,10000
5381566,10026,ASSORTED COLOUR BIRD ORNAMENT,26,2011-01-27 00:00:00,3.9,10157
5381567,10107,HOME BUILDING BLOCK WORD,17,2011-07-14 00:00:00,2.45,10121
5401568,10182,SET 7 BABUSHKA NESTING BOXES,23,2011-03-09 00:00:00,4.1,10072
5361569,10133,VICTORIAN SEWING BOX LARGE,7,2011-01-08 00:00:00,1.11,10118
5371570,10117,REGENCY CAKESTAND 3 TIER,9,2011-09-11 00:00:00,19.76,10190
5371571,10034,VICTORIAN SEWING BOX LARGE,23,2011-09-14 00:00:00,2.74,10258
5371572,10015,VICTORIAN SEWING BOX LARGE,-4,2011-02-22 00:00:00,20.78,10290
5391573,10060,SET 7 BABUSHKA NESTING BOXES,16,2010-12-27 00:00:00,3.22,10066
5371574,10100,PAPER CHAIN KIT 50'S CHRISTMAS,-3,2011-07-24 00:00:00,0.86,10161
5371575,10059,REGENCY CAKESTAND 3 TIER,22,2010-12-21 00:00:00,9.62,10139
5361576,10199,CLEAR ACRYLIC LETTERS,10,2011-02-22 00:00:00,5.49,10069
5391577,10042,HOME BUILDING BLOCK WORD,0,2011-08-14 00:00:00,3.74,10054
5391578,10030,WOODEN FRAME ANTIQUE WHITE,9,2011-05-12 00:00:00,1.7,10208
5381579,10115,SET 7 BABUSHKA NESTING BOXES,19,2010-12-12 00:00:00,36.58,10106
5401580,10023,JUMBO BAG RED RETROSPOT,12,2011-06-26 00:00:00,22.59,10061
5391581,10180,CLEAR ACRYLIC LETTERS,21,2011-01-29 00:00:00,26.01,10155
5391582,10037,REGENCY CAKESTAND 3 TIER,19,2011-03-03 00:00:00,1.11,10167
5361583,10101,WOODEN FRAME ANTIQUE WHITE,2,2010-12-27 00:00:00,13.11,10182
5371584,10066,JUMBO BAG RED RETROSPOT,1,2011-11-14 00:00:00,2.63,10153
5391585,10115,WOODEN FRAME ANTIQUE WHITE,18,2011-01-15 00:00:00,6.56,10207
5391586,10024,HOME BUILDING BLOCK WORD,9,2011-07-10 00:00:00,0.72,10127
5401587,10031,WHITE HANGING HEART T-LIGHT HOLDER,8,2011-08-30 00:00:00,13.27,10071
5361588,10033,ASSORTED COLOUR BIRD ORNAMENT,14,2010-12-09 00:00:00,6.84,10113
5401589,10175,REGENCY CAKESTAND 3 TIER,16,2011-03-27 00:00:00,12.58,10190
5391590,10019,WHITE HANGING HEART T-LIGHT HOLDER,-4,2011-02-10 00:00:00,49.93,10132
5391591,10165,HOME BUILDING BLOCK WORD,5,2011-06-23 00:00:00,45.23,10101
5361592,10084,REGENCY CAKESTAND 3 TIER,11,2011-09-03 00:00:00,26.07,10047
5381593,10012,JUMBO BAG RED RETROSPOT,12,2011-10-16 00:00:00,15.3,10236
5381594,10185,VICTORIAN SEWING BOX LARGE,12,2011-03-05 00:00:00,11.89,10221
5391595,10174,VICTORIAN SEWING BOX LARGE,26,2011-09-27 00:00:00,2.99,10195
5391596,10047,SET 7 BABUSHKA NESTING BOXES,19,2011-03-12 00:00:00,0.83,10109
5401597,10008,CLEAR ACRYLIC LETTERS,2,2011-07-02 00:00:00,4.13,10076
5401598,10165,SET 7 BABUSHKA NESTING BOXES,18,2011-02-14 00:00:00,0.97,10125
5401599,10122,WHITE HANGING HEART T-LIGHT HOLDER,26,2011-02-18 00:00:00,13.6,10281
5371600,10035,VICTORIAN SEWING BOX LARGE,16,2011-04-27 00:00:00,4.5,10196
5391601,10063,WOODEN FRAME ANTIQUE WHITE,27,2011-07-30 00:00:00,2.24,10269
5371602,10182,PAPER CHAIN KIT 50'S CHRISTMAS,27,2011-07-13 00:00:00,1.85,10195
5381603,10088,CLEAR ACRYLIC LETTERS,27,2011-02-15 00:00:00,0.98,10248
5391604,10069,JUMBO BAG RED RETROSPOT,20,2011-03-13 00:00:00,8.16,10198
5391605,10056,WHITE HANGING HEART T-LIGHT HOLDER,-4,2011-11-24 00:00:00,15.07,10305
5361606,10014,HOME BUILDING BLOCK WORD,20,2011-04-01 00:00:00,12.16,10143
5391607,10059,JUMBO BAG RED RETROSPOT,9,2011-03-16 00:00:00,1.38,10299
5381608,10061,SET 7 BABUSHKA NESTING BOXES,5,2011-04-02 00:00:00,7.59,
5391609,10195,ASSORTED COLOUR BIRD ORNAMENT,0,2011-08-19 00:00:00,1.02,10028
5371610,10090,JUMBO BAG RED RETROSPOT,3,2011-07-11 00:00:00,14.7,10198
5391611,10081,PAPER CHAIN KIT 50'S CHRISTMAS,26,2011-06-22 00:00:00,1.24,10303
5371612,10180,PAPER CHAIN KIT 50'S CHRISTMAS,2,2011-05-27 00:00:00,48.69,10014
5401613,10036,CLEAR ACRYLIC LETTERS,22,2011-02-22 00:00:00,15.49,10288
5401614,10138,SET 7 BABUSHKA NESTING BOXES,1,2011-02-22 00:00:00,3.0,10252
5361615,10023,WHITE HANGING HEART T-LIGHT HOLDER,10,2011-10-10 00:00:00,4.62,10019
5391616,10005,WOODEN FRAME ANTIQUE WHITE,16,2010-12-03 00:00:00,1.85,10112
5401617,10157,ASSORTED COLOUR BIRD ORNAMENT,8,2010-12-12 00:00:00,4.61,10169
5401618,10183,JUMBO BAG RED RETROSPOT,17,2010-12-25 00:00:00,7.2,10174
5361619,10015,WHITE HANGING HEART T-LIGHT HOLDER,13,2011-07-26 00:00:00,14.35,10165
5361620,10198,REGENCY CAKESTAND 3 TIER,2,2011-03-29 00:00:00,9.14,10072
5391621,10018,PAPER CHAIN KIT 50'S CHRISTMAS,26,2011-09-26 00:00:00,4.35,10186
5371622,10101,CLEAR ACRYLIC LETTERS,12,2011-06-29 00:00:00,8.75,
5391623,10082,JUMBO BAG RED RETROSPOT,16,2011-11-17 00:00:00,9.78,10154
5371624,10163,HOME BUILDING BLOCK WORD,-3,2011-06-20 00:00:00,6.18,10223
5361625,10181,WOODEN FRAME ANTIQUE WHITE,29,2011-03-03 00:00:00,8.38,10089
5381626,10091,ASSORTED COLOUR BIRD ORNAMENT,9,2011-10-28 00:00:00,1.08,10314
5391627,10096,SET 7 BABUSHKA NESTING BOXES,24,2011-05-08 00:00:00,8.58,10089
5381628,10032,JUMBO BAG RED RETROSPOT,18,2011-09-19 00:00:00,6.48,10150
5371629,10100,CLEAR ACRYLIC LETTERS,-2,2011-11-29 00:00:00,3.87,10293
5391630,10081,CLEAR ACRYLIC LETTERS,14,2011-05-01 00:00:00,4.58,10308
5381631,10026,HOME BUILDING BLOCK WORD,26,2011-08-07 00:00:00,0.74,10289
5381632,10060,PAPER CHAIN KIT 50'S CHRISTMAS,28,2011-07-16 00:00:00,49.56,10039
5391633,10162,REGENCY CAKESTAND 3 TIER,-4,2011-08-19 00:00:00,22.77,10085
5381634,10163,PAPER CHAIN KIT 50'S CHRISTMAS,6,2011-07-25 00:00:00,3.69,
5391635,10053,ASSORTED COLOUR BIRD ORNAMENT,12,2010-12-21 00:00:00,42.33,10135
5381636,10065,REGENCY CAKESTAND 3 TIER,9,2011-11-20 00:00:00,1.12,10179
5361637,10098,HOME BUILDING BLOCK WORD,20,2011-03-10 00:00:00,43.31,10024
5391638,10105,HOME BUILDING BLOCK WORD,24,2011-09-24 00:00:00,23.52,10085
5361639,10139,VICTORIAN SEWING BOX LARGE,8,2010-12-02 00:00:00,8.76,10179
5401640,10147,ASSORTED COLOUR BIRD ORNAMENT,-1,2011-01-10 00:00:00,9.24,10245
5361641,10008,SET 7 BABUSHKA NESTING BOXES,8,2011-07-19 00:00:00,25.5,10037
5381642,10026,REGENCY CAKESTAND 3 TIER,19,2011-04-09 00:00:00,5.03,10133
5371643,10041,REGENCY CAKESTAND 3 TIER,0,2011-11-10 00:00:00,1.01,10192
5361644,10086,CLEAR ACRYLIC LETTERS,22,2011-05-12 00:00:00,2.48,10047
5361645,10180,WHITE HANGING HEART T-LIGHT HOLDER,-1,2011-05-13 00:00:00,17.89,10247
5361646,10042,CLEAR ACRYLIC LETTERS,17,2011-09-13 00:00:00,23.62,
5371647,10013,REGENCY CAKESTAND 3 TIER,5,2011-06-13 00:00:00,1.66,10080
5371648,10104,WOODEN FRAME ANTIQUE WHITE,8,2011-03-03 00:00:00,43.05,10097
5361649,10067,SET 7 BABUSHKA NESTING BOXES,4,2011-11-15 00:00:00,4.87,10276
5401650,10012,VICTORIAN SEWING BOX LARGE,-5,2011-09-02 00:00:00,7.78,10049
5371651,10039,WHITE HANGING HEART T-LIGHT HOLDER,2,2010-12-01 00:00:00,3.47,10251
5371652,10022,SET 7 BABUSHKA NESTING BOXES,14,2011-03-31 00:00:00,6.84,10218
5371653,10153,HOME BUILDING BLOCK WORD,6,2011-10-01 00:00:00,5.94,
5391654,10052,JUMBO BAG RED RETROSPOT,22,2011-06-25 00:00:00,20.48,10013
5361655,10121,REGENCY CAKESTAND 3 TIER,0,2011-08-08 00:00:00,4.91,10041
5401656,10120,HOME BUILDING BLOCK WORD,14,2011-10-30 00:00:00,2.37,10203
5371657,10023,WOODEN FRAME ANTIQUE WHITE,-4,2011-09-19 00:00:00,0.9,10135
5391658,10097,PAPER CHAIN KIT 50'S CHRISTMAS,14,2011-09-11 00:00:00,1.48,10189
5381659,10067,HOME BUILDING BLOCK WORD,-5,2011-01-04 00:00:00,18.31,10022
5381660,10068,CLEAR ACRYLIC LETTERS,0,2011-08-02 00:00:00,5.26,10115
5371661,10024,REGENCY CAKESTAND 3 TIER,-1,2011-05-28 00:00:00,1.08,
5401662,10105,CLEAR ACRYLIC LETTERS,8,2011-09-02 00:00:00,4.6,10277
5401663,10099,WOODEN FRAME ANTIQUE WHITE,18,2011-09-25 00:00:00,3.62,10031
5361664,10175,HOME BUILDING BLOCK WORD,28,2011-10-02 00:00:00,1.02,10274
5371665,10121,SET 7 BABUSHKA NESTING BOXES,23,2011-01-08 00:00:00,0.7,10120
5381666,10128,CLEAR ACRYLIC LETTERS,25,2011-05-27 00:00:00,47.51,10017
5361667,10173,CLEAR ACRYLIC LETTERS,17,2011-09-20 00:00:00,4.3,10292
5401668,10044,JUMBO BAG RED RETROSPOT,14,2011-04-05 00:00:00,24.65,10229
5361669,10032,WHITE HANGING HEART T-LIGHT HOLDER,10,2011-07-22 00:00:00,1.78,10098
5381670,10111,ASSORTED COLOUR BIRD ORNAMENT,2,2011-11-06 00:00:00,2.5,
5401671,10037,CLEAR ACRYLIC LETTERS,-5,2011-08-21 00:00:00,15.72,
5391672,10022,VICTORIAN SEWING BOX LARGE,23,2011-11-23 00:00:00,38.91,10034
5391673,10083,SET 7 BABUSHKA NESTING BOXES,-1,2011-02-24 00:00:00,19.0,10282
5371674,10179,CLEAR ACRYLIC LETTERS,28,2011-10-07 00:00:00,1.03,10006
5361675,10028,VICTORIAN SEWING BOX LARGE,20,2011-03-24 00:00:00,2.93,10214
5401676,10150,CLEAR ACRYLIC LETTERS,12,2010-12-26 00:00:00,1.14,10290
5371677,10027,CLEAR ACRYLIC LETTERS,2,2011-07-20 00:00:00,22.24,10051
5361678,10137,PAPER CHAIN KIT 50'S CHRISTMAS,6,2011-10-24 00:00:00,4.79,10146
5381679,10098,HOME BUILDING BLOCK WORD,19,2011-09-15 00:00:00,12.5,10135
5401680,10009,JUMBO BAG RED RETROSPOT,-5,2011-09-13 00:00:00,3.25,10242
5361681,10158,CLEAR ACRYLIC LETTERS,10,2011-01-22 00:00:00,13.36,10073
5401682,10009,VICTORIAN SEWING BOX LARGE,-1,2011-02-28 00:00:00,1.23,10205
5361683,10176,ASSORTED COLOUR BIRD ORNAMENT,22,2011-06-10 00:00:00,1.31,10169
5381684,10068,PAPER CHAIN KIT 50'S CHRISTMAS,0,2011-02-11 00:00:00,12.75,10243
5401685,10079,SET 7 BABUSHKA NESTING BOXES,27,2011-02-27 00:00:00,1.2,10155
5391686,10058,JUMBO BAG RED RETROSPOT,7,2011-08-02 00:00:00,0.85,10050
5381687,10198,PAPER CHAIN KIT 50'S CHRISTMAS,7,2011-10-20 00:00:00,15.87,10226
5361688,10154,REGENCY CAKESTAND 3 TIER,28,2011-03-12 00:00:00,5.88,10213
5401689,10104,HOME BUILDING BLOCK WORD,-2,2010-12-19 00:00:00,13.99,10108
5381690,10014,WOODEN FRAME ANTIQUE WHITE,0,2011-02-20 00:00:00,2.24,10191
5361691,10079,WOODEN FRAME ANTIQUE WHITE,7,2011-09-05 00:00:00,0.91,10033
5391692,10145,WHITE HANGING HEART T-LIGHT HOLDER,13,2011-10-27 00:00:00,5.81,10268
5391693,10014,ASSORTED COLOUR BIRD ORNAMENT,-5,2011-10-06 00:00:00,25.83,10102
5361694,10092,ASSORTED COLOUR BIRD ORNAMENT,1,2011-07-01 00:00:00,0.83,10025
5391695,10129,VICTORIAN SEWING BOX LARGE,9,2011-02-14 00:00:00,1.06,10237
5381696,10174,WHITE HANGING HEART T-LIGHT HOLDER,1,2011-10-12 00:00:00,15.52,10063
5391697,10152,HOME BUILDING BLOCK WORD,23,2011-10-01 00:00:00,0.77,10250
5371698,10150,WOODEN FRAME ANTIQUE WHITE,26,2011-09-17 00:00:00,0.88,10242
5391699,10066,REGENCY CAKESTAND 3 TIER,20,2011-11-20 00:00:00,3.28,10083
5371700,10012,JUMBO BAG RED RETROSPOT,2,2011-10-26 00:00:00,14.74,10197
5401701,10056,ASSORTED COLOUR BIRD ORNAMENT,-4,2011-08-22 00:00:00,13.34,10109
5381702,10166,VICTORIAN SEWING BOX LARGE,-3,2011-09-08 00:00:00,7.49,10137
5401703,10002,HOME BUILDING BLOCK WORD,2,2011-03-27 00:00:00,47.79,
5401704,10044,CLEAR ACRYLIC LETTERS,23,2011-05-02 00:00:00,2.25,
5391705,10064,CLEAR ACRYLIC LETTERS,6,2011-09-30 00:00:00,8.94,10114
5391706,10182,SET 7 BABUSHKA NESTING BOXES,9,2011-07-16 00:00:00,5.34,10156
5391707,10089,HOME BUILDING BLOCK WORD,9,2011-11-08 00:00:00,3.19,10192
5401708,10077,WOODEN FRAME ANTIQUE WHITE,0,2011-11-29 00:00:00,14.5,10238
5381709,10149,REGENCY CAKESTAND 3 TIER,15,2011-03-17 00:00:00,12.59,10203
5381710,10095,WOODEN FRAME ANTIQUE WHITE,10,2011-03-27 00:00:00,20.59,
5371711,10072,SET 7 BABUSHKA NESTING BOXES,9,2011-09-18 00:00:00,1.09,10311
5361712,10016,PAPER CHAIN KIT 50'S CHRISTMAS,5,2011-08-28 00:00:00,5.07,10246
5381713,10083,SET 7 BABUSHKA NESTING BOXES,-2,2011-04-20 00:00:00,6.24,
5391714,10076,ASSORTED COLOUR BIRD ORNAMENT,16,2011-09-16 00:00:00,2.93,
5371715,10014,CLEAR ACRYLIC LETTERS,8,2011-01-21 00:00:00,6.95,10123
5391716,10174,JUMBO BAG RED RETROSPOT,21,2011-07-27 00:00:00,8.52,10163
5401717,10127,SET 7 BABUSHKA NESTING BOXES,22,2011-04-15 00:00:00,3.21,
5401718,10103,VICTORIAN SEWING BOX LARGE,10,2011-05-07 00:00:00,2.17,10214
5391719,10181,CLEAR ACRYLIC LETTERS,12,2011-02-15 00:00:00,2.27,10298
5381720,10185,ASSORTED COLOUR BIRD ORNAMENT,-2,2011-11-10 00:00:00,2.11,10175
5361721,10121,PAPER CHAIN KIT 50'S CHRISTMAS,24,2011-08-20 00:00:00,3.84,
5391722,10168,WOODEN FRAME ANTIQUE WHITE,25,2011-02-12 00:00:00,4.43,10087
5381723,10120,JUMBO BAG RED RETROSPOT,7,2011-02-09 00:00:00,21.76,10049
5371724,10195,JUMBO BAG RED RETROSPOT,14,2011-08-20 00:00:00,7.3,10286
5391725,10167,REGENCY CAKESTAND 3 TIER,-5,2011-05-22 00:00:00,4.58,10171
5371726,10190,SET 7 BABUSHKA NESTING BOXES,7,2011-03-28 00:00:00,17.76,10114
5381727,10095,SET 7 BABUSHKA NESTING BOXES,15,2011-07-08 00:00:00,12.61,10169
5381728,10030,HOME BUILDING BLOCK WORD,3,2010-12-09 00:00:00,1.32,10237
5381729,10149,CLEAR ACRYLIC LETTERS,9,2011-03-31 00:00:00,2.43,
5381730,10120,ASSORTED COLOUR BIRD ORNAMENT,2,2011-06-26 00:00:00,37.51,10036
5401731,10097,WOODEN FRAME ANTIQUE WHITE,20,2011-09-19 00:00:00,3.31,
5381732,10038,JUMBO BAG RED RETROSPOT,-2,2011-05-01 00:00:00,2.49,10027
5401733,10104,CLEAR ACRYLIC LETTERS,13,2011-01-29 00:00:00,7.1,10175
5361734,10036,PAPER CHAIN KIT 50'S CHRISTMAS,4,2011-04-25 00:00:00,1.21,10234
5401735,10199,REGENCY CAKESTAND 3 TIER,13,2011-07-30 00:00:00,5.58,10092
5371736,10045,PAPER CHAIN KIT 50'S CHRISTMAS,-1,2011-01-18 00:00:00,20.43,
5361737,10115,SET 7 BABUSHKA NESTING BOXES,29,2011-07-14 00:00:00,4.54,10002
5371738,10147,JUMBO BAG RED RETROSPOT,27,2011-04-28 00:00:00,18.62,10086
5391739,10033,CLEAR ACRYLIC LETTERS,11,2011-09-19 00:00:00,11.4,10045
5391740,10103,VICTORIAN SEWING BOX LARGE,9,2011-05-09 00:00:00,5.01,10219
5401741,10001,WHITE HANGING HEART T-LIGHT HOLDER,5,2011-02-16 00:00:00,1.92,10196
5371742,10003,PAPER CHAIN KIT 50'S CHRISTMAS,7,2011-08-11 00:00:00,8.7,10191
5391743,10048,WHITE HANGING HEART T-LIGHT HOLDER,19,2011-10-16 00:00:00,2.1,10271
5391744,10187,ASSORTED COLOUR BIRD ORNAMENT,29,2011-02-23 00:00:00,15.33,
5391745,10079,JUMBO BAG RED RETROSPOT,12,2011-01-11 00:00:00,2.81,10176
5361746,10150,SET 7 BABUSHKA NESTING BOXES,5,2011-09-06 00:00:00,14.59,10257
5361747,10076,SET 7 BABUSHKA NESTING BOXES,13,2011-07-06 00:00:00,5.46,10023
5381748,10152,WOODEN FRAME ANTIQUE WHITE,26,2011-03-19 00:00:00,16.72,10266
5371749,10087,HOME BUILDING BLOCK WORD,27,2011-02-11 00:00:00,5.1,10068
5391750,10042,VICTORIAN SEWING BOX LARGE,2,2011-02-08 00:00:00,0.66,10096
5371751,10186,JUMBO BAG RED RETROSPOT,-2,2011-01-18 00:00:00,6.0,10114
5381752,10150,WOODEN FRAME ANTIQUE WHITE,-4,2010-12-05 00:00:00,4.38,10011
5401753,10182,WHITE HANGING HEART T-LIGHT HOLDER,21,2011-04-28 00:00:00,34.38,10187
5381754,10065,WOODEN FRAME ANTIQUE WHITE,2,2011-06-18 00:00:00,12.9,
5391755,10012,REGENCY CAKESTAND 3 TIER,-3,2011-09-26 00:00:00,13.15,10304
5401756,10012,REGENCY CAKESTAND 3 TIER,-3,2011-10-22 00:00:00,11.26,10010
5401757,10031,WOODEN FRAME ANTIQUE WHITE,-4,2011-05-21 00:00:00,15.66,10194
5381758,10052,WHITE HANGING HEART T-LIGHT HOLDER,-4,2011-06-27 00:00:00,10.34,10078
5391759,10025,WOODEN FRAME ANTIQUE WHITE,29,2011-09-12 00:00:00,1.59,
5401760,10179,JUMBO BAG RED RETROSPOT,2,2011-09-26 00:00:00,11.28,10310
5381761,10130,CLEAR ACRYLIC LETTERS,-1,2011-09-13 00:00:00,5.53,10053
5381762,10027,HOME BUILDING BLOCK WORD,10,2011-05-07 00:00:00,1.5,10058
5391763,10199,SET 7 BABUSHKA NESTING BOXES,10,2011-04-24 00:00:00,6.87,10102
5381764,10091,VICTORIAN SEWING BOX LARGE,10,2011-04-15 00:00:00,4.86,10103
5381765,10140,HOME BUILDING BLOCK WORD,14,2011-04-23 00:00:00,4.87,10020
5381766,10084,ASSORTED COLOUR BIRD ORNAMENT,24,2011-09-05 00:00:00,4.96,10246
5371767,10022,REGENCY CAKESTAND 3 TIER,22,2011-03-14 00:00:00,4.68,
5361768,10126,JUMBO BAG RED RETROSPOT,-1,2011-11-25 00:00:00,7.31,
5371769,10019,REGENCY CAKESTAND 3 TIER,-5,2011-09-12 00:00:00,1.24,10261
5381770,10059,HOME BUILDING BLOCK WORD,15,2011-07-19 00:00:00,7.46,
5361771,10067,HOME BUILDING BLOCK WORD,26,2011-08-29 00:00:00,0.68,10151
5401772,10010,SET 7 BABUSHKA NESTING BOXES,6,2011-07-14 00:00:00,10.81,10089
5371773,10080,VICTORIAN SEWING BOX LARGE,8,2011-04-30 00:00:00,6.52,
5371774,10194,WHITE HANGING HEART T-LIGHT HOLDER,-4,2011-11-06 00:00:00,0.66,10048
5371775,10169,JUMBO BAG RED RETROSPOT,-4,2011-08-06 00:00:00,3.39,10070
5391776,10159,SET 7 BABUSHKA NESTING BOXES,3,2011-10-27 00:00:00,1.22,10224
5381777,10095,PAPER CHAIN KIT 50'S CHRISTMAS,-3,2011-06-08 00:00:00,4.44,10047
5401778,10102,HOME BUILDING BLOCK WORD,17,2011-06-14 00:00:00,1.59,10205
5401779,10176,HOME BUILDING BLOCK WORD,12,2011-08-19 00:00:00,22.5,10197
5401780,10042,REGENCY CAKESTAND 3 TIER,29,2011-04-22 00:00:00,9.0,
5381781,10040,REGENCY CAKESTAND 3 TIER,16,2011-03-11 00:00:00,5.31,10030
5361782,10123,CLEAR ACRYLIC LETTERS,6,2011-01-18 00:00:00,20.98,10302
5371783,10156,VICTORIAN SEWING BOX LARGE,12,2011-09-17 00:00:00,8.81,10092
5381784,10007,JUMBO BAG RED RETROSPOT,24,2011-05-07 00:00:00,37.08,10313
5371785,10028,VICTORIAN SEWING BOX LARGE,8,2011-02-05 00:00:00,11.45,10249
5381786,10066,PAPER CHAIN KIT 50'S CHRISTMAS,10,2010-12-14 00:00:00,12.65,10032
5371787,10134,CLEAR ACRYLIC LETTERS,3,2011-05-12 00:00:00,21.55,
5381788,10171,PAPER CHAIN KIT 50'S CHRISTMAS,-4,2011-04-09 00:00:00,3.87,10114
5361789,10024,VICTORIAN SEWING BOX LARGE,29,2011-06-24 00:00:00,2.08,10316
5401790,10123,PAPER CHAIN KIT 50'S CHRISTMAS,14,2011-08-13 00:00:00,2.08,10127
5371791,10098,JUMBO BAG RED RETROSPOT,4,2011-09-07 00:00:00,1.2,
5381792,10156,WHITE HANGING HEART T-LIGHT HOLDER,27,2011-03-05 00:00:00,3.79,10285
5361793,10129,HOME BUILDING BLOCK WORD,8,2011-03-20 00:00:00,1.2,10080
5361794,10019,HOME BUILDING BLOCK WORD,10,2011-07-26 00:00:00,10.5,10084
5401795,10071,WHITE HANGING HEART T-LIGHT HOLDER,-3,2010-12-25 00:00:00,3.84,10169
5381796,10164,VICTORIAN SEWING BOX LARGE,7,2010-12-25 00:00:00,6.95,10281
5371797,10020,HOME BUILDING BLOCK WORD,9,2011-05-22 00:00:00,5.42,10120
5391798,10114,REGENCY CAKESTAND 3 TIER,6,2011-04-07 00:00:00,46.41,10293
5361799,10080,REGENCY CAKESTAND 3 TIER,26,2011-04-20 00:00:00,7.43,10228
5361800,10004,REGENCY CAKESTAND 3 TIER,25,2010-12-20 00:00:00,11.16,
5401801,10142,WOODEN FRAME ANTIQUE WHITE,12,2011-10-12 00:00:00,4.95,10018
5381802,10154,CLEAR ACRYLIC LETTERS,0,2011-11-14 00:00:00,40.94,10046
5391803,10143,ASSORTED COLOUR BIRD ORNAMENT,-4,2011-04-30 00:00:00,6.2,10260
5391804,10087,PAPER CHAIN KIT 50'S CHRISTMAS,13,2010-12-05 00:00:00,22.82,10233
5391805,10116,PAPER CHAIN KIT 50'S CHRISTMAS,13,2011-08-23 00:00:00,1.95,10114
5381806,10153,HOME BUILDING BLOCK WORD,19,2011-08-24 00:00:00,2.15,10317
5371807,10183,HOME BUILDING BLOCK WORD,25,2011-02-21 00:00:00,27.85,10186
5361808,10056,WHITE HANGING HEART T-LIGHT HOLDER,3,2011-04-28 00:00:00,3.42,
5381809,10074,WOODEN FRAME ANTIQUE WHITE,3,2011-06-08 00:00:00,5.71,
5391810,10011,JUMBO BAG RED RETROSPOT,1,2011-08-09 00:00:00,37.31,10054
5361811,10027,SET 7 BABUSHKA NESTING BOXES,27,2011-08-17 00:00:00,6.04,10209
5361812,10030,VICTORIAN SEWING BOX LARGE,11,2011-11-24 00:00:00,6.02,10096
5391813,10183,PAPER CHAIN KIT 50'S CHRISTMAS,23,2011-04-03 00:00:00,4.15,10097
5391814,10011,CLEAR ACRYLIC LETTERS,29,2011-05-04 00:00:00,14.04,10212
5361815,10117,CLEAR ACRYLIC LETTERS,22,2010-12-14 00:00:00,15.55,10230
5401816,10127,WHITE HANGING HEART T-LIGHT HOLDER,1,2011-02-24 00:00:00,7.58,10068
5361817,10141,VICTORIAN SEWING BOX LARGE,-1,2011-06-01 00:00:00,14.62,10024
5371818,10130,JUMBO BAG RED RETROSPOT,-4,2011-07-07 00:00:00,13.45,10247
5371819,10187,JUMBO BAG RED RETROSPOT,15,2011-07-18 00:00:00,8.77,10088
5401820,10153,CLEAR ACRYLIC LETTERS,9,2011-04-17 00:00:00,9.32,
5381821,10098,VICTORIAN SEWING BOX LARGE,17,2011-02-03 00:00:00,2.47,10258
5361822,10070,VICTORIAN SEWING BOX LARGE,7,2011-07-30 00:00:00,9.72,10127
5371823,10115,JUMBO BAG RED RETROSPOT,15,2011-11-03 00:00:00,5.63,10150
5361824,10179,WOODEN FRAME ANTIQUE WHITE,26,2011-06-06 00:00:00,4.87,10308
5401825,10080,WOODEN FRAME ANTIQUE WHITE,5,2011-10-04 00:00:00,20.41,10280
5391826,10053,CLEAR ACRYLIC LETTERS,20,2011-06-14 00:00:00,13.63,10102
5401827,10172,JUMBO BAG RED RETROSPOT,28,2011-03-22 00:00:00,7.43,10176
5401828,10045,WOODEN FRAME ANTIQUE WHITE,12,2011-07-15 00:00:00,38.56,
5401829,10082,REGENCY CAKESTAND 3 TIER,23,2011-01-11 00:00:00,6.6,
5371830,10122,CLEAR ACRYLIC LETTERS,15,2011-03-23 00:00:00,1.96,10287
5401831,10181,VICTORIAN SEWING BOX LARGE,11,2011-04-08 00:00:00,41.86,
5391832,10073,VICTORIAN SEWING BOX LARGE,-4,2011-01-17 00:00:00,6.78,10273
5391833,10027,WHITE HANGING HEART T-LIGHT HOLDER,23,2010-12-10 00:00:00,0.9,10267
5391834,10171,WHITE HANGING HEART T-LIGHT HOLDER,15,2011-06-21 00:00:00,4.5,10027
5381835,10073,SET 7 BABUSHKA NESTING BOXES,28,2011-07-02 00:00:00,28.66,10082
5401836,10176,SET 7 BABUSHKA NESTING BOXES,2,2011-02-17 00:00:00,0.78,10031
5391837,10008,PAPER CHAIN KIT 50'S CHRISTMAS,11,2011-11-08 00:00:00,6.8,10277
5381838,10157,WOODEN FRAME ANTIQUE WHITE,18,2011-02-07 00:00:00,9.23,10052
5401839,10143,VICTORIAN SEWING BOX LARGE,26,2011-02-25 00:00:00,4.64,
5401840,10177,WHITE HANGING HEART T-LIGHT HOLDER,2,2011-06-18 00:00:00,9.54,10147
5361841,10106,PAPER CHAIN KIT 50'S CHRISTMAS,17,2011-03-19 00:00:00,5.01,10198
5401842,10003,SET 7 BABUSHKA NESTING BOXES,18,2011-05-01 00:00:00,3.07,10027
5361843,10057,PAPER CHAIN KIT 50'S CHRISTMAS,11,2011-04-27 00:00:00,8.69,10226
5371844,10189,CLEAR ACRYLIC LETTERS,15,2011-10-10 00:00:00,29.91,10279
5371845,10075,HOME BUILDING BLOCK WORD,25,2011-07-16 00:00:00,9.36,10099
5381846,10019,JUMBO BAG RED RETROSPOT,5,2011-06-29 00:00:00,7.36,
5361847,10030,VICTORIAN SEWING BOX LARGE,1,2010-12-28 00:00:00,2.65,10263
5371848,10142,SET 7 BABUSHKA NESTING BOXES,-1,2011-11-15 00:00:00,5.59,10142
5371849,10065,WHITE HANGING HEART T-LIGHT HOLDER,26,2011-10-16 00:00:00,33.26,10299
5371850,10010,JUMBO BAG RED RETROSPOT,4,2011-03-21 00:00:00,15.33,10079
5401851,10013,CLEAR ACRYLIC LETTERS,26,2011-07-08 00:00:00,46.08,10305
5361852,10125,CLEAR ACRYLIC LETTERS,11,2011-04-15 00:00:00,19.38,10154
5371853,10181,PAPER CHAIN KIT 50'S CHRISTMAS,19,2011-01-18 00:00:00,0.99,10037
5361854,10133,REGENCY CAKESTAND 3 TIER,-2,2011-03-15 00:00:00,14.2,10094
5391855,10106,WOODEN FRAME ANTIQUE WHITE,19,2011-03-29 00:00:00,1.92,10081
5391856,10089,ASSORTED COLOUR BIRD ORNAMENT,4,2011-05-13 00:00:00,9.32,10047
5401857,10084,PAPER CHAIN KIT 50'S CHRISTMAS,6,2011-08-15 00:00:00,3.47,
5391858,10192,CLEAR ACRYLIC LETTERS,7,2011-05-09 00:00:00,7.58,10111
5381859,10192,WHITE HANGING HEART T-LIGHT HOLDER,25,2011-09-14 00:00:00,27.87,10287
5361860,10114,ASSORTED COLOUR BIRD ORNAMENT,26,2011-07-14 00:00:00,7.14,10177
5371861,10159,ASSORTED COLOUR BIRD ORNAMENT,5,2011-08-28 00:00:00,2.45,10314
5381862,10082,VICTORIAN SEWING BOX LARGE,11,2011-06-01 00:00:00,47.9,
5381863,10098,SET 7 BABUSHKA NESTING BOXES,3,2011-10-11 00:00:00,1.0,10058
5391864,10006,WOODEN FRAME ANTIQUE WHITE,8,2011-03-24 00:00:00,6.83,10144
5361865,10131,WOODEN FRAME ANTIQUE WHITE,16,2011-07-01 00:00:00,5.42,10191
5371866,10075,ASSORTED COLOUR BIRD ORNAMENT,26,2011-05-23 00:00:00,3.37,10022
5381867,10024,JUMBO BAG RED RETROSPOT,15,2011-04-01 00:00:00,5.03,10042
5401868,10136,WHITE HANGING HEART T-LIGHT HOLDER,26,2011-03-29 00:00:00,12.93,10275
5371869,10171,ASSORTED COLOUR BIRD ORNAMENT,6,2010-12-18 00:00:00,1.21,10107
5391870,10026,ASSORTED COLOUR BIRD ORNAMENT,15,2011-04-28 00:00:00,7.61,10217
5361871,10165,REGENCY CAKESTAND 3 TIER,2,2011-11-25 00:00:00,13.89,10222
5401872,10006,HOME BUILDING BLOCK WORD,1,2011-07-24 00:00:00,21.46,10078
5371873,10022,REGENCY CAKESTAND 3 TIER,26,2011-08-13 00:00:00,2.69,10019
5371874,10142,REGENCY CAKESTAND 3 TIER,16,2011-07-23 00:00:00,12.52,10128
5381875,10066,VICTORIAN SEWING BOX LARGE,19,2011-11-13 00:00:00,11.03,10116
5371876,10103,VICTORIAN SEWING BOX LARGE,23,2011-08-15 00:00:00,6.52,
5361877,10172,REGENCY CAKESTAND 3 TIER,23,2011-09-09 00:00:00,7.6,10199
5361878,10184,CLEAR ACRYLIC LETTERS,25,2011-02-26 00:00:00,13.29,
5371879,10011,REGENCY CAKESTAND 3 TIER,7,2011-05-20 00:00:00,10.79,10299
5381880,10027,SET 7 BABUSHKA NESTING BOXES,27,2010-12-03 00:00:00,44.67,10257
5401881,10155,REGENCY CAKESTAND 3 TIER,13,2010-12-30 00:00:00,16.02,10154
5401882,10097,VICTORIAN SEWING BOX LARGE,19,2011-07-17 00:00:00,45.55,10224
5381883,10121,JUMBO BAG RED RETROSPOT,2,2011-06-04 00:00:00,1.92,10015
5391884,10191,VICTORIAN SEWING BOX LARGE,10,2011-04-08 00:00:00,44.92,10069
5361885,10075,JUMBO BAG RED RETROSPOT,-1,2011-03-14 00:00:00,3.31,10279
5391886,10095,WHITE HANGING HEART T-LIGHT HOLDER,29,2011-10-16 00:00:00,38.84,
5381887,10036,REGENCY CAKESTAND 3 TIER,28,2010-12-10 00:00:00,2.66,10284
5391888,10152,VICTORIAN SEWING BOX LARGE,15,2011-09-28 00:00:00,38.43,10293
5381889,10078,ASSORTED COLOUR BIRD ORNAMENT,21,2011-02-04 00:00:00,4.46,10043
5401890,10054,VICTORIAN SEWING BOX LARGE,7,2011-02-24 00:00:00,1.24,10176
5401891,10036,JUMBO BAG RED RETROSPOT,20,2011-01-23 00:00:00,1.48,10262
5391892,10064,ASSORTED COLOUR BIRD ORNAMENT,6,2010-12-14 00:00:00,0.72,10315
5391893,10145,WHITE HANGING HEART T-LIGHT HOLDER,28,2010-12-20 00:00:00,9.16,
5361894,10118,WOODEN FRAME ANTIQUE WHITE,5,2011-07-31 00:00:00,26.83,10281
5401895,10017,SET 7 BABUSHKA NESTING BOXES,25,2011-02-08 00:00:00,13.73,
5361896,10124,PAPER CHAIN KIT 50'S CHRISTMAS,13,2011-06-04 00:00:00,6.72,10297
5391897,10167,ASSORTED COLOUR BIRD ORNAMENT,-2,2011-04-11 00:00:00,13.75,
5381898,10017,ASSORTED COLOUR BIRD ORNAMENT,14,2010-12-24 00:00:00,1.65,10317
5401899,10084,CLEAR ACRYLIC LETTERS,29,2011-09-19 00:00:00,2.07,10230
5381900,10039,CLEAR ACRYLIC LETTERS,15,2011-11-24 00:00:00,12.46,10299
5361901,10109,JUMBO BAG RED RETROSPOT,15,2011-01-07 00:00:00,1.26,10161
5361902,10056,VICTORIAN SEWING BOX LARGE,-2,2011-01-26 00:00:00,4.79,10126
5371903,10034,PAPER CHAIN KIT 50'S CHRISTMAS,14,2011-03-29 00:00:00,1.22,10184
5401904,10114,PAPER CHAIN KIT 50'S CHRISTMAS,1,2011-07-09 00:00:00,6.66,10236
5401905,10141,REGENCY CAKESTAND 3 TIER,8,2011-07-04 00:00:00,3.0,10249
5361906,10020,SET 7 BABUSHKA NESTING BOXES,10,2011-01-24 00:00:00,2.32,10310
5381907,10137,ASSORTED COLOUR BIRD ORNAMENT,-2,2011-08-11 00:00:00,31.58,10071
5401908,10019,REGENCY CAKESTAND 3 TIER,18,2011-05-07 00:00:00,2.37,
5361909,10161,WHITE HANGING HEART T-LIGHT HOLDER,12,2011-05-08 00:00:00,4.62,10259
5371910,10103,CLEAR ACRYLIC LETTERS,13,2011-10-15 00:00:00,0.79,10296
5391911,10141,SET 7 BABUSHKA NESTING BOXES,13,2011-05-01 00:00:00,12.27,10018
5401912,10120,JUMBO BAG RED RETROSPOT,6,2011-10-10 00:00:00,10.86,10276
5391913,10197,CLEAR ACRYLIC LETTERS,25,2011-06-10 00:00:00,6.5,10114
5381914,10034,HOME BUILDING BLOCK WORD,13,2011-05-22 00:00:00,37.53,10148
5371915,10101,PAPER CHAIN KIT 50'S CHRISTMAS,24,2011-03-23 00:00:00,18.78,10046
5401916,10061,CLEAR ACRYLIC LETTERS,27,2011-10-15 00:00:00,2.11,
5391917,10035,HOME BUILDING BLOCK WORD,22,2011-09-29 00:00:00,2.96,10263
5391918,10144,JUMBO BAG RED RETROSPOT,5,2011-03-28 00:00:00,1.13,10289
5361919,10091,WHITE HANGING HEART T-LIGHT HOLDER,27,2011-06-16 00:00:00,0.79,10247
5391920,10059,REGENCY CAKESTAND 3 TIER,-2,2011-07-28 00:00:00,4.74,10249
5381921,10010,ASSORTED COLOUR BIRD ORNAMENT,21,2011-06-16 00:00:00,18.97,10119
5391922,10099,HOME BUILDING BLOCK WORD,8,2011-02-13 00:00:00,7.19,10184
5381923,10010,PAPER CHAIN KIT 50'S CHRISTMAS,3,2011-10-21 00:00:00,1.38,10023
5381924,10162,SET 7 BABUSHKA NESTING BOXES,4,2011-08-16 00:00:00,2.29,10266
5361925,10148,WOODEN FRAME ANTIQUE WHITE,7,2011-03-23 00:00:00,4.0,10134
5371926,10167,VICTORIAN SEWING BOX LARGE,24,2011-03-28 00:00:00,10.85,10192
5381927,10019,WOODEN FRAME ANTIQUE WHITE,0,2011-11-30 00:00:00,0.81,
5391928,10132,VICTORIAN SEWING BOX LARGE,13,2011-01-04 00:00:00,1.69,10114
5391929,10124,HOME BUILDING BLOCK WORD,20,2011-02-07 00:00:00,4.81,10176
5381930,10128,JUMBO BAG RED RETROSPOT,23,2011-01-18 00:00:00,36.0,10003
5391931,10019,WOODEN FRAME ANTIQUE WHITE,15,2011-06-10 00:00:00,2.05,10117
5401932,10038,JUMBO BAG RED RETROSPOT,-1,2011-02-08 00:00:00,4.34,10108
5361933,10183,REGENCY CAKESTAND 3 TIER,20,2011-04-05 00:00:00,6.23,10308
5391934,10084,REGENCY CAKESTAND 3 TIER,29,2011-09-06 00:00:00,0.96,10212
5361935,10122,ASSORTED COLOUR BIRD ORNAMENT,0,2011-05-31 00:00:00,1.03,10245
5381936,10105,WHITE HANGING HEART T-LIGHT HOLDER,25,2011-05-01 00:00:00,4.66,
5381937,10146,CLEAR ACRYLIC LETTERS,19,2011-07-01 00:00:00,4.35,10065
5381938,10131,WHITE HANGING HEART T-LIGHT HOLDER,24,2011-11-29 00:00:00,47.27,
5361939,10014,JUMBO BAG RED RETROSPOT,24,2011-07-08 00:00:00,10.0,10075
5391940,10132,VICTORIAN SEWING BOX LARGE,1,2011-07-08 00:00:00,4.08,10092
5401941,10163,WHITE HANGING HEART T-LIGHT HOLDER,8,2011-11-01 00:00:00,46.96,10288
5361942,10072,REGENCY CAKESTAND 3 TIER,10,2011-03-16 00:00:00,9.67,
5401943,10120,HOME BUILDING BLOCK WORD,19,2011-02-08 00:00:00,5.79,10310
5391944,10153,JUMBO BAG RED RETROSPOT,3,2011-07-16 00:00:00,8.88,10210
5391945,10159,WOODEN FRAME ANTIQUE WHITE,14,2011-08-07 00:00:00,1.58,10093
5361946,10116,CLEAR ACRYLIC LETTERS,15,2011-05-27 00:00:00,5.96,10175
5371947,10096,VICTORIAN SEWING BOX LARGE,27,2010-12-07 00:00:00,2.89,10117
5401948,10051,WOODEN FRAME ANTIQUE WHITE,0,2011-05-09 00:00:00,23.24,10008
5381949,10175,VICTORIAN SEWING BOX LARGE,5,2011-04-22 00:00:00,6.85,10258
5401950,10024,JUMBO BAG RED RETROSPOT,1,2011-05-03 00:00:00,7.31,10310
5391951,10153,WHITE HANGING HEART T-LIGHT HOLDER,8,2011-05-14 00:00:00,1.22,10314
5391952,10128,REGENCY CAKESTAND 3 TIER,15,2011-02-07 00:00:00,1.37,10272
5361953,10033,CLEAR ACRYLIC LETTERS,-3,2011-07-06 00:00:00,19.24,
5371954,10198,VICTORIAN SEWING BOX LARGE,18,2011-11-10 00:00:00,0.99,10000
5381955,10011,WOODEN FRAME ANTIQUE WHITE,15,2011-05-10 00:00:00,35.72,10189
5401956,10196,VICTORIAN SEWING BOX LARGE,-2,2011-10-23 00:00:00,16.88,10246
5371957,10025,VICTORIAN SEWING BOX LARGE,16,2011-09-15 00:00:00,14.17,10294
5381958,10196,ASSORTED COLOUR BIRD ORNAMENT,11,2011-01-30 00:00:00,47.75,10244
5391959,10072,CLEAR ACRYLIC LETTERS,28,2011-01-12 00:00:00,7.04,10042
5391960,10065,ASSORTED COLOUR BIRD ORNAMENT,16,2010-12-17 00:00:00,0.65,10209
5361961,10147,WOODEN FRAME ANTIQUE WHITE,28,2011-06-16 00:00:00,8.89,10003
5361962,10096,ASSORTED COLOUR BIRD ORNAMENT,28,2011-10-26 00:00:00,1.1,10003
5401963,10104,PAPER CHAIN KIT 50'S CHRISTMAS,15,2010-12-02 00:00:00,5.48,10161
5371964,10166,CLEAR ACRYLIC LETTERS,16,2011-01-26 00:00:00,31.34,10218
5371965,10108,CLEAR ACRYLIC LETTERS,-4,2011-03-08 00:00:00,1.71,10274
5381966,10174,VICTORIAN SEWING BOX LARGE,10,2011-04-04 00:00:00,43.87,10141
5401967,10141,WOODEN FRAME ANTIQUE WHITE,16,2011-11-09 00:00:00,5.56,10211
5361968,10143,WOODEN FRAME ANTIQUE WHITE,4,2011-06-10 00:00:00,3.78,10189
5401969,10147,PAPER CHAIN KIT 50'S CHRISTMAS,26,2011-09-03 00:00:00,22.18,10157
5391970,10188,JUMBO BAG RED RETROSPOT,14,2011-02-06 00:00:00,2.32,10203
5361971,10030,ASSORTED COLOUR BIRD ORNAMENT,16,2011-07-20 00:00:00,18.08,
5371972,10025,ASSORTED COLOUR BIRD ORNAMENT,15,2011-07-02 00:00:00,18.85,10082
5361973,10140,CLEAR ACRYLIC LETTERS,22,2011-05-17 00:00:00,13.49,10173
5391974,10041,VICTORIAN SEWING BOX LARGE,22,2011-02-04 00:00:00,2.46,10026
5361975,10023,JUMBO BAG RED RETROSPOT,19,2011-08-11 00:00:00,36.79,10002
5371976,10111,REGENCY CAKESTAND 3 TIER,-3,2011-01-13 00:00:00,26.6,10307
5391977,10094,REGENCY CAKESTAND 3 TIER,27,2011-07-15 00:00:00,2.01,10113
5381978,10102,CLEAR ACRYLIC LETTERS,0,2011-09-05 00:00:00,20.7,10196
5401979,10182,CLEAR ACRYLIC LETTERS,19,2011-05-27 00:00:00,2.7,10146
5381980,10163,HOME BUILDING BLOCK WORD,13,2011-10-03 00:00:00,7.12,10089
5391981,10168,WOODEN FRAME ANTIQUE WHITE,5,2011-08-25 00:00:00,32.15,10103
5391982,10153,WOODEN FRAME ANTIQUE WHITE,4,2011-09-23 00:00:00,37.9,10017
5391983,10157,JUMBO BAG RED RETROSPOT,15,2011-01-24 00:00:00,41.85,10118
5371984,10061,WHITE HANGING HEART T-LIGHT HOLDER,3,2011-07-26 00:00:00,24.7,10184
5391985,10070,VICTORIAN SEWING BOX LARGE,12,2011-10-12 00:00:00,1.69,10044
5401986,10103,CLEAR ACRYLIC LETTERS,14,2011-08-25 00:00:00,9.54,10202
5371987,10188,REGENCY CAKESTAND 3 TIER,-4,2011-11-01 00:00:00,23.99,10007
5391988,10072,WOODEN FRAME ANTIQUE WHITE,-3,2011-08-16 00:00:00,9.48,10281
5371989,10088,SET 7 BABUSHKA NESTING BOXES,21,2011-11-28 00:00:00,1.53,10178
5401990,10116,VICTORIAN SEWING BOX LARGE,27,2011-04-08 00:00:00,5.91,10099
5401991,10044,VICTORIAN SEWING BOX LARGE,2,2011-05-25 00:00:00,7.46,10133
5371992,10018,WOODEN FRAME ANTIQUE WHITE,-2,2011-08-03 00:00:00,10.29,10286
5361993,10131,SET 7 BABUSHKA NESTING BOXES,13,2011-04-16 00:00:00,46.9,10059
5381994,10064,HOME BUILDING BLOCK WORD,6,2011-09-28 00:00:00,5.01,10294
5391995,10123,ASSORTED COLOUR BIRD ORNAMENT,10,2011-02-01 00:00:00,1.14,10288
5381996,10174,HOME BUILDING BLOCK WORD,15,2011-08-26 00:00:00,15.08,10234
5401997,10123,REGENCY CAKESTAND 3 TIER,28,2011-03-12 00:00:00,4.72,10014
5381998,10162,ASSORTED COLOUR BIRD ORNAMENT,25,2011-08-04 00:00:00,4.28,10195
5361999,10080,VICTORIAN SEWING BOX LARGE,21,2010-12-25 00:00:00,9.68,10117
5382000,10137,WHITE HANGING HEART T-LIGHT HOLDER,-3,2011-06-14 00:00:00,1.11,10264
5382001,10063,SET 7 BABUSHKA NESTING BOXES,19,2011-05-03 00:00:00,4.1,10134
5402002,10191,PAPER CHAIN KIT 50'S CHRISTMAS,-1,2011-06-07 00:00:00,2.74,
5402003,10121,PAPER CHAIN KIT 50'S CHRISTMAS,22,2011-08-22 00:00:00,6.7,10091
5392004,10068,JUMBO BAG RED RETROSPOT,0,2011-01-29 00:00:00,4.97,10293
5372005,10048,HOME BUILDING BLOCK WORD,5,2011-11-29 00:00:00,2.17,
5392006,10188,ASSORTED COLOUR BIRD ORNAMENT,3,2011-07-04 00:00:00,9.27,10120
5402007,10058,ASSORTED COLOUR BIRD ORNAMENT,28,2011-04-10 00:00:00,14.59,10105
5392008,10091,JUMBO BAG RED RETROSPOT,6,2011-09-12 00:00:00,6.67,10316
5382009,10020,HOME BUILDING BLOCK WORD,20,2011-09-03 00:00:00,40.35,10061
5382010,10010,HOME BUILDING BLOCK WORD,22,2011-07-06 00:00:00,34.28,10277
5402011,10126,CLEAR ACRYLIC LETTERS,27,2011-05-12 00:00:00,9.25,10161
5402012,10046,WOODEN FRAME ANTIQUE WHITE,28,2011-10-03 00:00:00,0.83,10251
5392013,10192,CLEAR ACRYLIC LETTERS,12,2011-02-13 00:00:00,1.41,10113
5392014,10108,HOME BUILDING BLOCK WORD,17,2011-04-29 00:00:00,48.49,10269
5382015,10128,PAPER CHAIN KIT 50'S CHRISTMAS,11,2011-03-18 00:00:00,6.9,10016
5372016,10117,REGENCY CAKESTAND 3 TIER,5,2011-08-28 00:00:00,13.5,10089
5372017,10080,WHITE HANGING HEART T-LIGHT HOLDER,21,2011-09-15 00:00:00,2.58,10235
5402018,10097,CLEAR ACRYLIC LETTERS,14,2011-08-29 00:00:00,5.45,10107
5392019,10156,SET 7 BABUSHKA NESTING BOXES,28,2011-08-05 00:00:00,1.48,10185
5372020,10060,SET 7 BABUSHKA NESTING BOXES,22,2011-06-19 00:00:00,18.39,10134
5392021,10087,PAPER CHAIN KIT 50'S CHRISTMAS,14,2010-12-01 00:00:00,4.44,10313
5362022,10053,VICTORIAN SEWING BOX LARGE,2,2011-11-08 00:00:00,21.26,10217
5382023,10093,VICTORIAN SEWING BOX LARGE,-3,2011-09-29 00:00:00,4.8,10190
5392024,10146,JUMBO BAG RED RETROSPOT,9,2010-12-21 00:00:00,24.74,10092
5392025,10025,SET 7 BABUSHKA NESTING BOXES,29,2011-03-27 00:00:00,1.17,10117
5392026,10110,VICTORIAN SEWING BOX LARGE,8,2011-01-08 00:00:00,4.49,10284
5372027,10121,WHITE HANGING HEART T-LIGHT HOLDER,3,2011-08-09 00:00:00,3.0,10076
5392028,10034,WOODEN FRAME ANTIQUE WHITE,7,2011-06-28 00:00:00,19.17,10255
5362029,10124,SET 7 BABUSHKA NESTING BOXES,27,2011-08-08 00:00:00,9.95,10161
5372030,10012,VICTORIAN SEWING BOX LARGE,21,2011-03-01 00:00:00,13.74,10290
5402031,10015,ASSORTED COLOUR BIRD ORNAMENT,28,2011-01-15 00:00:00,45.35,10083
5402032,10161,REGENCY CAKESTAND 3 TIER,8,2011-10-24 00:00:00,5.44,10243
5382033,10066,PAPER CHAIN KIT 50'S CHRISTMAS,29,2010-12-30 00:00:00,3.47,10171
5362034,10065,PAPER CHAIN KIT 50'S CHRISTMAS,8,2011-02-22 00:00:00,2.6,10285
5392035,10089,CLEAR ACRYLIC LETTERS,19,2011-11-09 00:00:00,29.97,10062
5362036,10166,WOODEN FRAME ANTIQUE WHITE,8,2011-03-12 00:00:00,1.47,10294
5402037,10090,PAPER CHAIN KIT 50'S CHRISTMAS,17,2011-02-21 00:00:00,13.3,10145
5392038,10198,HOME BUILDING BLOCK WORD,-3,2011-09-01 00:00:00,2.36,10249
5362039,10157,SET 7 BABUSHKA NESTING BOXES,3,2011-05-22 00:00:00,5.49,10195
5372040,10042,PAPER CHAIN KIT 50'S CHRISTMAS,1,2011-02-01 00:00:00,11.3,10074
5392041,10146,VICTORIAN SEWING BOX LARGE,3,2011-04-03 00:00:00,4.71,10313
5372042,10020,JUMBO BAG RED RETROSPOT,13,2011-03-30 00:00:00,16.8,10036
5362043,10081,SET 7 BABUSHKA NESTING BOXES,11,2011-08-22 00:00:00,13.6,10160
5392044,10165,VICTORIAN SEWING BOX LARGE,27,2011-10-04 00:00:00,31.78,10309
5382045,10199,PAPER CHAIN KIT 50'S CHRISTMAS,19,2011-06-21 00:00:00,13.9,10227
5382046,10115,VICTORIAN SEWING BOX LARGE,29,2011-10-30 00:00:00,0.76,10266
5402047,10032,ASSORTED COLOUR BIRD ORNAMENT,24,2011-06-14 00:00:00,1.08,10011
5392048,10053,JUMBO BAG RED RETROSPOT,-2,2011-08-21 00:00:00,5.24,10040
5362049,10016,HOME BUILDING BLOCK WORD,-4,2011-04-04 00:00:00,1.01,10048
5382050,10197,VICTORIAN SEWING BOX LARGE,16,2011-03-30 00:00:00,0.99,10013
5402051,10026,SET 7 BABUSHKA NESTING BOXES,10,2011-01-31 00:00:00,8.01,10042
5392052,10167,VICTORIAN SEWING BOX LARGE,24,2011-01-04 00:00:00,4.91,10043
5382053,10188,SET 7 BABUSHKA NESTING BOXES,5,2011-01-19 00:00:00,36.08,10126
5392054,10033,WOODEN FRAME ANTIQUE WHITE,15,2011-04-28 00:00:00,22.98,10064
5402055,10008,PAPER CHAIN KIT 50'S CHRISTMAS,-1,2011-09-02 00:00:00,46.51,10014
5362056,10121,HOME BUILDING BLOCK WORD,-3,2011-06-19 00:00:00,7.41,10166
5402057,10069,WOODEN FRAME ANTIQUE WHITE,3,2011-01-04 00:00:00,5.42,10276
5362058,10045,CLEAR ACRYLIC LETTERS,11,2011-07-04 00:00:00,2.0,10276
5372059,10191,CLEAR ACRYLIC LETTERS,26,2010-12-08 00:00:00,0.93,
5382060,10163,WOODEN FRAME ANTIQUE WHITE,17,2011-10-28 00:00:00,16.37,
5372061,10123,WOODEN FRAME ANTIQUE WHITE,6,2011-01-16 00:00:00,9.76,10177
5362062,10113,SET 7 BABUSHKA NESTING BOXES,9,2011-04-26 00:00:00,0.89,10045
5392063,10039,SET 7 BABUSHKA NESTING BOXES,20,2011-03-03 00:00:00,3.79,10133
5362064,10194,JUMBO BAG RED RETROSPOT,16,2010-12-21 00:00:00,33.6,10267
5362065,10136,WHITE HANGING HEART T-LIGHT HOLDER,14,2011-05-06 00:00:00,1.1,10240
5392066,10193,HOME BUILDING BLOCK WORD,-2,2011-11-13 00:00:00,16.25,10251
5372067,10074,CLEAR ACRYLIC LETTERS,22,2011-02-14 00:00:00,4.62,10220
5382068,10140,PAPER CHAIN KIT 50'S CHRISTMAS,-3,2011-06-12 00:00:00,9.45,10003
5362069,10111,VICTORIAN SEWING BOX LARGE,18,2011-11-12 00:00:00,1.56,10287
5362070,10099,VICTORIAN SEWING BOX LARGE,-5,2011-02-25 00:00:00,30.51,
5382071,10108,ASSORTED COLOUR BIRD ORNAMENT,0,2011-05-02 00:00:00,12.06,10040
5362072,10177,SET 7 BABUSHKA NESTING BOXES,12,2011-01-30 00:00:00,0.84,10313
5382073,10068,VICTORIAN SEWING BOX LARGE,6,2011-07-06 00:00:00,9.44,10272
5382074,10046,JUMBO BAG RED RETROSPOT,21,2011-11-27 00:00:00,32.24,10035
5382075,10116,CLEAR ACRYLIC LETTERS,-5,2011-03-03 00:00:00,0.94,
5392076,10125,ASSORTED COLOUR BIRD ORNAMENT,29,2011-04-21 00:00:00,33.02,10318
5372077,10012,WOODEN FRAME ANTIQUE WHITE,29,2011-07-25 00:00:00,25.55,10077
5372078,10072,SET 7 BABUSHKA NESTING BOXES,14,2011-05-26 00:00:00,28.13,10052
5402079,10186,WHITE HANGING HEART T-LIGHT HOLDER,7,2011-01-18 00:00:00,6.1,10224
5392080,10003,HOME BUILDING BLOCK WORD,2,2011-11-18 00:00:00,3.1,10077
5402081,10079,HOME BUILDING BLOCK WORD,20,2011-11-06 00:00:00,24.97,10215
5372082,10178,WHITE HANGING HEART T-LIGHT HOLDER,3,2011-01-06 00:00:00,33.26,10237
5372083,10014,SET 7 BABUSHKA NESTING BOXES,11,2011-09-03 00:00:00,44.39,10074
5372084,10139,HOME BUILDING BLOCK WORD,7,2011-08-24 00:00:00,29.54,10036
5362085,10097,WHITE HANGING HEART T-LIGHT HOLDER,13,2011-10-29 00:00:00,2.86,10128
5402086,10098,HOME BUILDING BLOCK WORD,-5,2011-03-18 00:00:00,31.18,10127
5392087,10050,HOME BUILDING BLOCK WORD,13,2011-02-10 00:00:00,6.51,10017
5402088,10133,ASSORTED COLOUR BIRD ORNAMENT,2,2011-03-19 00:00:00,7.29,10048
5372089,10079,PAPER CHAIN KIT 50'S CHRISTMAS,6,2011-07-28 00:00:00,5.74,
5392090,10190,WOODEN FRAME ANTIQUE WHITE,27,2011-02-28 00:00:00,7.53,10021
5402091,10123,SET 7 BABUSHKA NESTING BOXES,22,2010-12-08 00:00:00,1.5,10129
5372092,10170,ASSORTED COLOUR BIRD ORNAMENT,19,2011-05-23 00:00:00,5.03,10026
5372093,10162,VICTORIAN SEWING BOX LARGE,17,2011-07-03 00:00:00,10.53,10120
5392094,10070,CLEAR ACRYLIC LETTERS,14,2011-04-25 00:00:00,1.4,10085
5382095,10002,WHITE HANGING HEART T-LIGHT HOLDER,-4,2011-05-10 00:00:00,5.93,10124
5392096,10176,CLEAR ACRYLIC LETTERS,12,2011-04-26 00:00:00,5.72,10243
5382097,10063,JUMBO BAG RED RETROSPOT,22,2011-02-22 00:00:00,37.5,10045
5362098,10086,WHITE HANGING HEART T-LIGHT HOLDER,27,2011-07-31 00:00:00,3.97,10316
5392099,10039,WOODEN FRAME ANTIQUE WHITE,9,2011-08-15 00:00:00,1.16,
5382100,10124,ASSORTED COLOUR BIRD ORNAMENT,23,2011-06-20 00:00:00,0.86,10064
5402101,10165,PAPER CHAIN KIT 50'S CHRISTMAS,-4,2011-10-27 00:00:00,4.6,10285
5372102,10187,ASSORTED COLOUR BIRD ORNAMENT,7,2011-06-28 00:00:00,1.28,10224
5362103,10091,JUMBO BAG RED RETROSPOT,3,2011-01-08 00:00:00,0.81,10193
5392104,10124,HOME BUILDING BLOCK WORD,22,2011-02-22 00:00:00,3.98,10020
5382105,10178,HOME BUILDING BLOCK WORD,0,2011-03-27 00:00:00,3.03,10277
5402106,10139,PAPER CHAIN KIT 50'S CHRISTMAS,-4,2011-05-15 00:00:00,6.55,10095
5382107,10070,CLEAR ACRYLIC LETTERS,-3,2011-11-15 00:00:00,47.86,10239
5392108,10041,REGENCY CAKESTAND 3 TIER,-4,2011-08-25 00:00:00,1.0,10283
5382109,10075,SET 7 BABUSHKA NESTING BOXES,29,2011-10-17 00:00:00,3.93,10230
5392110,10000,WOODEN FRAME ANTIQUE WHITE,9,2011-11-22 00:00:00,1.72,10232
5382111,10004,CLEAR ACRYLIC LETTERS,15,2011-01-18 00:00:00,14.76,10094
5372112,10061,PAPER CHAIN KIT 50'S CHRISTMAS,25,2011-09-05 00:00:00,1.12,10317
5392113,10137,VICTORIAN SEWING BOX LARGE,18,2011-09-20 00:00:00,0.77,
5392114,10127,WOODEN FRAME ANTIQUE WHITE,22,2011-03-17 00:00:00,5.71,
5362115,10082,VICTORIAN SEWING BOX LARGE,12,2011-03-09 00:00:00,6.15,10144
5372116,10024,WOODEN FRAME ANTIQUE WHITE,3,2011-04-01 00:00:00,8.21,10056
5392117,10033,JUMBO BAG RED RETROSPOT,24,2011-11-29 00:00:00,7.03,10022
5402118,10027,HOME BUILDING BLOCK WORD,28,2011-06-13 00:00:00,29.79,10103
5382119,10146,VICTORIAN SEWING BOX LARGE,22,2011-10-31 00:00:00,6.22,10016
5402120,10159,CLEAR ACRYLIC LETTERS,17,2011-02-13 00:00:00,31.4,10269
5382121,10056,CLEAR ACRYLIC LETTERS,26,2011-10-09 00:00:00,2.15,10187
5382122,10053,HOME BUILDING BLOCK WORD,27,2011-05-16 00:00:00,48.21,10006
5362123,10119,WHITE HANGING HEART T-LIGHT HOLDER,28,2011-05-05 00:00:00,34.02,10040
5392124,10094,WHITE HANGING HEART T-LIGHT HOLDER,1,2011-01-25 00:00:00,6.84,10212
5382125,10135,WHITE HANGING HEART T-LIGHT HOLDER,-5,2011-01-16 00:00:00,1.13,10136
5362126,10019,ASSORTED COLOUR BIRD ORNAMENT,14,2011-05-06 00:00:00,5.0,10155
5402127,10025,ASSORTED COLOUR BIRD ORNAMENT,4,2011-04-05 00:00:00,5.74,10049
5362128,10049,WOODEN FRAME ANTIQUE WHITE,5,2011-09-20 00:00:00,1.08,10097
5402129,10160,JUMBO BAG RED RETROSPOT,-1,2011-05-25 00:00:00,38.96,10291
5392130,10106,REGENCY CAKESTAND 3 TIER,6,2011-10-17 00:00:00,14.04,10285
5382131,10091,HOME BUILDING BLOCK WORD,25,2011-03-23 00:00:00,6.38,10295
5372132,10026,JUMBO BAG RED RETROSPOT,-1,2011-11-09 00:00:00,14.25,10218
5402133,10102,WOODEN FRAME ANTIQUE WHITE,-3,2011-01-14 00:00:00,3.41,10281
5382134,10136,CLEAR ACRYLIC LETTERS,-2,2011-05-04 00:00:00,1.8,10080
5372135,10080,WOODEN FRAME ANTIQUE WHITE,21,2011-01-20 00:00:00,2.49,10180
5372136,10095,VICTORIAN SEWING BOX LARGE,0,2011-04-04 00:00:00,4.5,10166
5402137,10185,PAPER CHAIN KIT 50'S CHRISTMAS,9,2010-12-30 00:00:00,7.96,10220
5382138,10139,ASSORTED COLOUR BIRD ORNAMENT,29,2011-04-13 00:00:00,17.19,10288
5372139,10190,SET 7 BABUSHKA NESTING BOXES,-2,2011-06-19 00:00:00,1.7,10281
5362140,10114,VICTORIAN SEWING BOX LARGE,23,2011-01-28 00:00:00,4.95,10231
5362141,10072,CLEAR ACRYLIC LETTERS,11,2011-07-12 00:00:00,5.03,10017
5382142,10077,WHITE HANGING HEART T-LIGHT HOLDER,16,2011-02-07 00:00:00,4.88,10069
5392143,10054,PAPER CHAIN KIT 50'S CHRISTMAS,7,2011-11-30 00:00:00,1.28,10113
5362144,10141,WOODEN FRAME ANTIQUE WHITE,16,2011-11-08 00:00:00,7.7,10141
5402145,10039,REGENCY CAKESTAND 3 TIER,-3,2011-11-19 00:00:00,1.3,10292
5382146,10039,JUMBO BAG RED RETROSPOT,26,2011-01-20 00:00:00,6.26,10182
5372147,10063,ASSORTED COLOUR BIRD ORNAMENT,15,2010-12-21 00:00:00,9.99,10298
5362148,10023,CLEAR ACRYLIC LETTERS,5,2011-10-20 00:00:00,17.5,10153
5382149,10187,REGENCY CAKESTAND 3 TIER,-5,2011-09-06 00:00:00,6.46,10111
5382150,10044,HOME BUILDING BLOCK WORD,29,2011-03-21 00:00:00,9.04,10247
5392151,10024,CLEAR ACRYLIC LETTERS,28,2011-08-30 00:00:00,4.19,10295
5372152,10187,CLEAR ACRYLIC LETTERS,29,2011-11-03 00:00:00,5.18,10019
5372153,10197,PAPER CHAIN KIT 50'S CHRISTMAS,16,2011-05-01 00:00:00,0.88,10028
5372154,10106,REGENCY CAKESTAND 3 TIER,13,2011-11-06 00:00:00,9.26,10222
5402155,10191,CLEAR ACRYLIC LETTERS,2,2010-12-05 00:00:00,7.23,10116
5382156,10199,VICTORIAN SEWING BOX LARGE,11,2011-05-13 00:00:00,5.22,
5402157,10010,PAPER CHAIN KIT 50'S CHRISTMAS,13,2011-02-02 00:00:00,19.25,10268
5402158,10083,WOODEN FRAME ANTIQUE WHITE,21,2011-11-19 00:00:00,8.4,10076
5382159,10012,VICTORIAN SEWING BOX LARGE,5,2011-05-22 00:00:00,15.67,10078
5372160,10147,WOODEN FRAME ANTIQUE WHITE,6,2011-04-28 00:00:00,8.67,10304
5382161,10074,VICTORIAN SEWING BOX LARGE,5,2010-12-05 00:00:00,14.35,10221
5392162,10021,HOME BUILDING BLOCK WORD,11,2010-12-20 00:00:00,39.29,10172
5382163,10140,VICTORIAN SEWING BOX LARGE,6,2010-12-17 00:00:00,10.04,10025
5382164,10128,VICTORIAN SEWING BOX LARGE,13,2011-09-30 00:00:00,2.22,10204
5362165,10195,JUMBO BAG RED RETROSPOT,26,2011-06-01 00:00:00,11.77,10066
5392166,10124,VICTORIAN SEWING BOX LARGE,5,2011-07-04 00:00:00,1.07,10101
5362167,10143,CLEAR ACRYLIC LETTERS,17,2011-06-21 00:00:00,24.96,10100
5372168,10063,ASSORTED COLOUR BIRD ORNAMENT,11,2011-07-07 00:00:00,2.73,10268
5372169,10082,CLEAR ACRYLIC LETTERS,12,2011-05-24 00:00:00,4.09,10220
5392170,10105,VICTORIAN SEWING BOX LARGE,-2,2011-11-30 00:00:00,17.07,
5402171,10082,PAPER CHAIN KIT 50'S CHRISTMAS,29,2011-10-25 00:00:00,39.85,10097
5382172,10197,SET 7 BABUSHKA NESTING BOXES,2,2011-11-02 00:00:00,4.38,10012
5362173,10157,HOME BUILDING BLOCK WORD,11,2011-07-13 00:00:00,1.06,10179
5392174,10011,ASSORTED COLOUR BIRD ORNAMENT,26,2011-04-26 00:00:00,29.99,10225
5362175,10039,REGENCY CAKESTAND 3 TIER,-3,2011-10-21 00:00:00,2.84,10191
5382176,10062,CLEAR ACRYLIC LETTERS,7,2011-06-07 00:00:00,24.08,10027
5402177,10003,PAPER CHAIN KIT 50'S CHRISTMAS,25,2011-06-26 00:00:00,21.17,10147
5362178,10078,HOME BUILDING BLOCK WORD,26,2011-11-14 00:00:00,11.7,10056
5392179,10053,WOODEN FRAME ANTIQUE WHITE,16,2011-10-19 00:00:00,3.09,10169
5382180,10133,SET 7 BABUSHKA NESTING BOXES,4,2011-10-16 00:00:00,1.94,10279
5382181,10186,JUMBO BAG RED RETROSPOT,15,2011-06-22 00:00:00,42.38,10318
5402182,10004,VICTORIAN SEWING BOX LARGE,-4,2011-05-01 00:00:00,1.03,
5392183,10134,WHITE HANGING HEART T-LIGHT HOLDER,29,2011-09-12 00:00:00,31.39,
5382184,10072,ASSORTED COLOUR BIRD ORNAMENT,24,2011-05-12 00:00:00,22.36,10030
5362185,10069,WHITE HANGING HEART T-LIGHT HOLDER,13,2011-08-21 00:00:00,1.83,10316
5372186,10017,VICTORIAN SEWING BOX LARGE,20,2011-10-23 00:00:00,1.08,10004
5392187,10168,PAPER CHAIN KIT 50'S CHRISTMAS,24,2011-02-05 00:00:00,23.3,
5362188,10074,VICTORIAN SEWING BOX LARGE,-5,2010-12-25 00:00:00,4.62,10009
5402189,10130,REGENCY CAKESTAND 3 TIER,-5,2011-01-06 00:00:00,23.8,10194
5402190,10152,WOODEN FRAME ANTIQUE WHITE,7,2011-04-15 00:00:00,27.2,10248
5382191,10128,HOME BUILDING BLOCK WORD,-1,2011-04-07 00:00:00,5.85,10101
5402192,10010,ASSORTED COLOUR BIRD ORNAMENT,3,2011-08-14 00:00:00,24.03,10011
5372193,10085,HOME BUILDING BLOCK WORD,29,2011-06-09 00:00:00,1.74,10156
5362194,10004,PAPER CHAIN KIT 50'S CHRISTMAS,17,2011-09-16 00:00:00,1.09,10080
5392195,10160,SET 7 BABUSHKA NESTING BOXES,8,2011-08-17 00:00:00,30.91,10181
5382196,10070,WHITE HANGING HEART T-LIGHT HOLDER,24,2011-11-23 00:00:00,20.32,10256
5392197,10007,WOODEN FRAME ANTIQUE WHITE,5,2011-02-10 00:00:00,4.97,10198
5362198,10038,PAPER CHAIN KIT 50'S CHRISTMAS,-3,2011-06-06 00:00:00,15.08,10115
5372199,10035,REGENCY CAKESTAND 3 TIER,7,2011-09-16 00:00:00,8.56,
